subject,SR_Q_WOB,SR_Q_D_WOB,SR_Q_D_E_WOB,SR_Q_D_alphaCCC_WOB,SR_Q_D_E_alphaCCC_WOB
sub01,11478.554564589891,11411.792024366441,11407.539429124006,11417.473751018568,11411.389587523701
