,P_diff,congruency,hand,postError,block1,block2,block3,P,congruency,hand,postError,block1,block2,block3,p_DIFF,CONGRUENCY,HAND,POSTeRROR,BLOCK1,BLOCK2,BLOCK3,p,CONGRUENCY,HAND,POSTeRROR,BLOCK1,BLOCK2,BLOCK3,rSquared,LLH,AIC,BIC,MSE,model,alpha,subject
0,-4.728201980371654,5.131511905159681,27.375511189147584,12.087926196899202,200.33057698694304,220.01154983912068,227.60274535482594,-4.728201980371622,5.131511905159808,27.375511189147662,12.087926196899177,200.33057698694307,220.01154983912073,227.60274535482583,0.2449963630694155,0.10685972152741265,2.2121285303543673e-17,0.15748648507686988,4.4254714753540055e-290,0.0,0.0,0.24499636306941858,0.10685972152740376,2.2121285303539852e-17,0.15748648507687016,4.425471475353503e-290,0.0,0.0,0.09809621685032943,-7512.674804783841,15027.349609567682,15032.461121684179,12304.371574509963,AB_Q_WOB,0.7686480567778503,sub07
