,P_diff,congruency,hand,postError,block1,block2,block3,P,congruency,hand,postError,block1,block2,block3,p_DIFF,CONGRUENCY,HAND,POSTeRROR,BLOCK1,BLOCK2,BLOCK3,p,CONGRUENCY,HAND,POSTeRROR,BLOCK1,BLOCK2,BLOCK3,rSquared,LLH,AIC,BIC,MSE,model,alpha,subject
0,-15.31186765987514,3.8669172634078697,-1.0384845869810122,8.191212843409623,206.20397405624308,211.90477935025154,203.9218512163706,-15.31186765987515,3.8669172634079465,-1.038484586981077,8.191212843409609,206.20397405624306,211.90477935025183,203.92185121637075,7.936764971880566e-09,0.16955354403522596,0.6681031640638044,0.4631209927745492,0.0,0.0,0.0,7.936764971880334e-09,0.1695535440352171,0.6681031640637851,0.46312099277455,0.0,0.0,0.0,0.030982831454769544,-7363.781283430945,14729.56256686189,14734.697457713457,7325.941799549848,AB_Q_WOB,0.9514999607113729,sub41
