,P_diff,congruency,hand,postError,block1,block2,block3,P,congruency,hand,postError,block1,block2,block3,p_DIFF,CONGRUENCY,HAND,POSTeRROR,BLOCK1,BLOCK2,BLOCK3,p,CONGRUENCY,HAND,POSTeRROR,BLOCK1,BLOCK2,BLOCK3,rSquared,LLH,AIC,BIC,MSE,model,alpha,subject
0,-29.968333798447944,0.2670366447134448,6.626515129894619,6.926153373809043,154.2221612344612,147.6520661665501,143.05522609044687,-29.968333798447816,0.2670366447133594,6.626515129894621,6.926153373809085,154.2221612344613,147.65206616655,143.05522609044675,1.4415027849084426e-13,0.8534566683362099,5.040306482144807e-06,0.07613615655684311,0.0,0.0,0.0,1.4415027849088122e-13,0.8534566683362562,5.040306482144807e-06,0.0761361565568412,0.0,0.0,0.0,0.08821463596427925,-6587.732059241645,13177.46411848329,13182.581323986455,2561.1072342609486,SR_Q_WOB,0.2568535253026165,sub23
