,P_diff,congruency,hand,postError,block1,block2,block3,P,congruency,hand,postError,block1,block2,block3,p_DIFF,CONGRUENCY,HAND,POSTeRROR,BLOCK1,BLOCK2,BLOCK3,p,CONGRUENCY,HAND,POSTeRROR,BLOCK1,BLOCK2,BLOCK3,rSquared,LLH,AIC,BIC,MSE,model,alpha,subject
0,-18.28814513130859,6.97293709806241,-3.309970142365503,4.588667959548643,180.5781484429015,178.51223835599546,172.57230204425306,-18.288145131308568,6.972937098062356,-3.3099701423654904,4.588667959548701,180.57814844290144,178.51223835599538,172.57230204425292,1.1594538799325181e-07,0.0004992880165241029,0.0972342573972619,0.32174856464278234,0.0,0.0,0.0,1.1594538799325733e-07,0.0004992880165241557,0.09723425739726317,0.32174856464277607,0.0,0.0,0.0,0.047250829862802934,-6822.847894557759,13647.695789115518,13652.791682336616,4758.023107753065,AB_Q_WOB,0.4997389500838211,sub24
