,P_diff,congruency,hand,postError,block1,block2,block3,P,congruency,hand,postError,block1,block2,block3,p_DIFF,CONGRUENCY,HAND,POSTeRROR,BLOCK1,BLOCK2,BLOCK3,p,CONGRUENCY,HAND,POSTeRROR,BLOCK1,BLOCK2,BLOCK3,rSquared,LLH,AIC,BIC,MSE,model,alpha,subject
0,-23.296497247431397,-5.149515641940008,-5.096972315176538,14.511100875255043,202.1859320974096,204.46738979468236,195.978269141416,-23.296497247431393,-5.149515641940072,-5.096972315176581,14.511100875254844,202.1859320974096,204.4673897946823,195.9782691414159,1.881498758345727e-20,0.028064460845610845,0.009991942059909827,0.03344435911895773,0.0,0.0,0.0,1.8814987583457543e-20,0.028064460845608933,0.00999194205990916,0.03344435911896022,0.0,0.0,0.0,0.09963397819626241,-7083.941337775774,14169.882675551547,14175.014374062015,4853.072572376589,AB_Q_WOB,0.7761986101053865,sub09
