,P_diff,congruency,hand,postError,block1,block2,block3,P,congruency,hand,postError,block1,block2,block3,p_DIFF,CONGRUENCY,HAND,POSTeRROR,BLOCK1,BLOCK2,BLOCK3,p,CONGRUENCY,HAND,POSTeRROR,BLOCK1,BLOCK2,BLOCK3,rSquared,LLH,AIC,BIC,MSE,model,alpha,subject
0,-24.508188668378942,7.669215965578759,-3.873628387132174,2.5234767360273267,177.44431105516847,175.84298678552736,169.38849486335548,-24.50818866837892,7.669215965578838,-3.8736283871322863,2.5234767360273107,177.44431105516838,175.84298678552722,169.3884948633555,7.749355136436873e-15,0.00010057751676727603,0.04906088303392489,0.5803500921802835,0.0,0.0,0.0,7.749355136437488e-15,0.00010057751676725751,0.04906088303391842,0.5803500921802863,0.0,0.0,0.0,0.07257193189607558,-6806.591757926613,13615.183515853227,13620.279409074325,4631.569690913526,SR_Q_WOB,0.5794556108195223,sub24
