,P_diff,congruency,hand,postError,block1,block2,block3,P,congruency,hand,postError,block1,block2,block3,p_DIFF,CONGRUENCY,HAND,POSTeRROR,BLOCK1,BLOCK2,BLOCK3,p,CONGRUENCY,HAND,POSTeRROR,BLOCK1,BLOCK2,BLOCK3,rSquared,LLH,AIC,BIC,MSE,model,alpha,alpha_error,subject
0,-29.589434441921203,0.9680255911205626,17.192540961710996,15.317842151555276,179.70636892278492,171.36955327089353,160.22512454528535,-29.589434441921195,0.9680255911206876,17.192540961710883,15.317842151555293,179.7063689227849,171.36955327089348,160.2251245452853,2.1447528913019462e-19,0.7187913365804106,6.960170582084491e-14,0.058607066820957746,0.0,0.0,0.0,2.1447528913020078e-19,0.718791336580376,6.960170582087536e-14,0.05860706682095754,0.0,0.0,0.0,0.13512279734517496,-7219.647145151663,14443.294290303325,14453.548071921123,6373.790794897968,AB_Q_E_WOB,0.6076508004988864,0.39399728517542926,sub39
