,P_diff,congruency,hand,postError,block1,block2,block3,P,congruency,hand,postError,block1,block2,block3,p_DIFF,CONGRUENCY,HAND,POSTeRROR,BLOCK1,BLOCK2,BLOCK3,p,CONGRUENCY,HAND,POSTeRROR,BLOCK1,BLOCK2,BLOCK3,rSquared,LLH,AIC,BIC,MSE,model,alpha,subject
0,-4.305512101010379,0.004623139587419223,5.9140756873749165,7.421249877918669,181.34493956979915,181.3118474660109,183.7168359569352,-4.305512101010274,0.004623139587401626,5.914075687374942,7.421249877918589,181.34493956979918,181.31184746601087,183.71683595693503,0.010812706163987234,0.99771817425486,0.00026293734295668495,0.32146496089350873,0.0,0.0,0.0,0.01081270616398925,0.9977181742548688,0.00026293734295667346,0.3214649608935145,0.0,0.0,0.0,0.017716908879870985,-6892.370286077714,13786.740572155428,13791.880232491392,3277.4121114195086,AB_Q_WOB,0.9587763371512248,sub06
