,P_diff,congruency,hand,postError,block1,block2,block3,P,congruency,hand,postError,block1,block2,block3,p_DIFF,CONGRUENCY,HAND,POSTeRROR,BLOCK1,BLOCK2,BLOCK3,p,CONGRUENCY,HAND,POSTeRROR,BLOCK1,BLOCK2,BLOCK3,rSquared,LLH,AIC,BIC,MSE,model,alpha,alpha_error,subject
0,-19.83523674900548,4.857482206403366,-0.9708962888365943,10.196235708370319,203.58066843393357,209.92220965671737,201.13189268197758,-19.835236749005485,4.85748220640338,-0.970896288836633,10.196235708370342,203.58066843393343,209.92220965671726,201.1318926819777,9.285812679326657e-08,0.08907890442641733,0.6890832927743082,0.36176157084494964,0.0,0.0,0.0,9.285812679326727e-08,0.08907890442641628,0.6890832927742968,0.3617615708449484,0.0,0.0,0.0,0.027268148131799563,-7366.182177268702,14736.364354537403,14746.634136240535,7339.73982086669,AB_Q_E_WOB,0.5177042892793751,0.3170158492747579,sub41
