,P_diff,congruency,hand,postError,block1,block2,block3,P,congruency,hand,postError,block1,block2,block3,p_DIFF,CONGRUENCY,HAND,POSTeRROR,BLOCK1,BLOCK2,BLOCK3,p,CONGRUENCY,HAND,POSTeRROR,BLOCK1,BLOCK2,BLOCK3,rSquared,LLH,AIC,BIC,MSE,model,alpha,subject
0,-6.986461363062415,4.4627546337879505,15.496207688947376,6.959569622679424,175.58326495626227,178.98861459986102,174.5060268720889,-6.986461363062448,4.4627546337878226,15.496207688947443,6.959569622679446,175.58326495626224,178.98861459986117,174.50602687208914,0.34314788723160006,0.007037426815814961,3.4016812924181886e-20,0.29417994514822315,3.7976995367439964e-250,1.6749605997484143e-254,5.161800187316366e-243,0.34314788723159806,0.007037426815816586,3.4016812924169903e-20,0.29417994514822166,3.797699536743564e-250,1.6749605997482239e-254,5.161800187318715e-243,0.07525922891890202,-6945.00646385201,13892.01292770402,13897.155755105181,3441.9815453233077,AB_Q_WOB,0.09910777106126828,sub32
