,P_diff,congruency,hand,postError,block1,block2,block3,P,congruency,hand,postError,block1,block2,block3,p_DIFF,CONGRUENCY,HAND,POSTeRROR,BLOCK1,BLOCK2,BLOCK3,p,CONGRUENCY,HAND,POSTeRROR,BLOCK1,BLOCK2,BLOCK3,rSquared,LLH,AIC,BIC,MSE,model,alpha,subject
0,-10.822446309203922,2.5339718416089143,2.665594372194137,-4.586207175798254,157.23852808691345,164.55806579038264,162.89010091008524,-10.822446309203809,2.533971841608878,2.6655943721940845,-4.586207175798144,157.23852808691333,164.5580657903825,162.89010091008515,0.001558288374442263,0.16647807558484046,0.07466028813264491,0.26156653771005994,0.0,0.0,0.0,0.001558288374442454,0.16647807558484679,0.07466028813265059,0.2615665377100712,0.0,0.0,0.0,0.022373658320890777,-6634.428701710663,13270.857403421325,13275.97541962579,2737.1699019955427,SR_Q_WOB,0.10835086145173166,sub17
