,P_diff,congruency,hand,postError,block1,block2,block3,P,congruency,hand,postError,block1,block2,block3,p_DIFF,CONGRUENCY,HAND,POSTeRROR,BLOCK1,BLOCK2,BLOCK3,p,CONGRUENCY,HAND,POSTeRROR,BLOCK1,BLOCK2,BLOCK3,rSquared,LLH,AIC,BIC,MSE,model,alpha,subject
0,5.968251085036007,11.94982228328007,18.640707749894666,7.821287436618036,185.49740743234744,183.57849424120639,190.33302987779868,5.968251085035904,11.94982228328011,18.640707749894634,7.821287436617858,185.49740743234707,183.57849424120627,190.3330298777986,0.3258399643034323,4.3799442294896964e-06,1.4838179455301375e-19,0.15138803022751277,0.0,0.0,0.0,0.3258399643034404,4.379944229489388e-06,1.4838179455303612e-19,0.1513880302275224,0.0,0.0,0.0,0.08584111564281449,-6948.190476982958,13898.380953965916,13903.490833428988,4990.919030007172,AB_Q_WOB,0.012367610470592953,sub04
