,P_diff,congruency,hand,postError,block1,block2,block3,P,congruency,hand,postError,block1,block2,block3,p_DIFF,CONGRUENCY,HAND,POSTeRROR,BLOCK1,BLOCK2,BLOCK3,p,CONGRUENCY,HAND,POSTeRROR,BLOCK1,BLOCK2,BLOCK3,rSquared,LLH,AIC,BIC,MSE,model,alpha,subject
0,-8.425216768922478,14.97014268854303,2.562348898639153,16.74045819711292,176.8757649850799,177.91821176033162,181.60125857921517,-8.425216768922422,14.970142688542994,2.562348898639121,16.740458197112993,176.87576498507994,177.9182117603318,181.60125857921506,0.08130862104682457,5.540129432035532e-06,0.4350470194531122,0.019964212464894146,1.3039108033633596e-220,1.5970082648064712e-225,2.0096976574190157e-237,0.08130862104682676,5.540129432035779e-06,0.43504701945311763,0.019964212464893636,1.3039108033632857e-220,1.597008264805744e-225,2.0096976574194732e-237,0.026254013170910362,-7079.238682761561,14160.477365523122,14165.529221146078,12339.184427675189,AB_Q_WOB,0.6201575803028806,sub08
