,P_diff,congruency,hand,postError,block1,block2,block3,P,congruency,hand,postError,block1,block2,block3,p_DIFF,CONGRUENCY,HAND,POSTeRROR,BLOCK1,BLOCK2,BLOCK3,p,CONGRUENCY,HAND,POSTeRROR,BLOCK1,BLOCK2,BLOCK3,rSquared,LLH,AIC,BIC,MSE,model,alpha,subject
0,-23.653601780773283,-5.189033136597898,3.671415433274684,13.368942469326091,235.7082342236069,245.73980554319508,238.89397792197934,-23.653601780773165,-5.189033136597992,3.6714154332746034,13.36894246932613,235.70823422360715,245.7398055431952,238.89397792197906,3.182983881902776e-05,0.154850360011696,0.22825573543248,0.21933035615470944,7.2014077407877e-280,0.0,2.83837254793735e-284,3.182983881903098e-05,0.15485036001168853,0.22825573543249003,0.2193303561547085,7.2014077407877e-280,0.0,2.83837254793735e-284,0.03031894376726929,-7610.77694656221,15223.55389312442,15228.683991634545,11488.658867349826,AB_Q_WOB,0.30822945884215786,sub46
