,P_diff,congruency,hand,postError,block1,block2,block3,P,congruency,hand,postError,block1,block2,block3,p_DIFF,CONGRUENCY,HAND,POSTeRROR,BLOCK1,BLOCK2,BLOCK3,p,CONGRUENCY,HAND,POSTeRROR,BLOCK1,BLOCK2,BLOCK3,rSquared,LLH,AIC,BIC,MSE,model,alpha,alpha_error,subject
0,5.023978563410687,-2.4617201902330317,20.355530085810273,-9.461942568394274,198.40313880663638,193.17189620086302,202.6451796730664,5.023978563410702,-2.4617201902329877,20.35553008581014,-9.461942568394557,198.40313880663643,193.17189620086296,202.64517967306662,0.512149771214577,0.5183307410638687,5.252360848298931e-11,0.06626282658622523,6.839565156321451e-193,1.3564958888948903e-225,4.703284689814379e-206,0.5121497712145759,0.5183307410638754,5.252360848300304e-11,0.06626282658621735,6.83956515632184e-193,1.356495888896279e-225,4.703284689814646e-206,0.04446201929891558,-6911.263078780159,13826.526157560318,13836.605478260042,10684.177796035903,AB_Q_E_WOB,0.0031230368283335017,0.3184332785813158,sub19
