,P_diff,congruency,hand,postError,block1,block2,block3,P,congruency,hand,postError,block1,block2,block3,p_DIFF,CONGRUENCY,HAND,POSTeRROR,BLOCK1,BLOCK2,BLOCK3,p,CONGRUENCY,HAND,POSTeRROR,BLOCK1,BLOCK2,BLOCK3,rSquared,LLH,AIC,BIC,MSE,model,alpha,subject
0,-41.245418719398494,6.890249651861971,10.191899531675434,19.09276434896075,199.29350285541594,180.31113327045955,176.87294489103195,-41.24541871939846,6.890249651861999,10.19189953167564,19.092764348960785,199.29350285541602,180.31113327045964,176.87294489103158,0.027304452862977648,0.020963234598291466,0.0006488322989657773,0.040214716341499174,2.809657317415541e-78,8.293099853073953e-66,3.468545696392073e-63,0.027304452862977703,0.020963234598290935,0.0006488322989656081,0.04021471634149875,2.8096573174157005e-78,8.293099853073007e-66,3.46854569639049e-63,0.05311444531716003,-7565.0154572219635,15132.030914443927,15137.158608143274,11015.088617952448,AB_Q_WOB,0.05475093086843489,sub26
