,P_diff,congruency,hand,postError,block1,block2,block3,P,congruency,hand,postError,block1,block2,block3,p_DIFF,CONGRUENCY,HAND,POSTeRROR,BLOCK1,BLOCK2,BLOCK3,p,CONGRUENCY,HAND,POSTeRROR,BLOCK1,BLOCK2,BLOCK3,rSquared,LLH,AIC,BIC,MSE,model,alpha,subject
0,-31.43515997878949,0.6316534095103352,17.16678838307483,14.755306310481068,179.00897818633192,170.9235609941365,159.5023851365003,-31.43515997878954,0.6316534095102311,17.166788383074884,14.75530631048115,179.00897818633197,170.9235609941367,159.50238513650032,4.616966721722921e-19,0.8149117977612561,7.822415234949453e-14,0.06865546826373284,0.0,0.0,0.0,4.616966721722125e-19,0.8149117977612857,7.822415234947955e-14,0.06865546826373141,0.0,0.0,0.0,0.1340633255220648,-7220.409238986214,14442.818477972429,14447.945368781327,6381.598669822192,AB_Q_WOB,0.5164934404501466,sub39
