,P_diff,congruency,hand,postError,block1,block2,block3,P,congruency,hand,postError,block1,block2,block3,p_DIFF,CONGRUENCY,HAND,POSTeRROR,BLOCK1,BLOCK2,BLOCK3,p,CONGRUENCY,HAND,POSTeRROR,BLOCK1,BLOCK2,BLOCK3,rSquared,LLH,AIC,BIC,MSE,model,alpha,subject
0,-5.5149757042203795,0.9832937980864234,-5.101142902965991,-1.7266467557815197,182.38731089768888,175.49096644471106,189.44261803120494,-5.514975704220259,0.9832937980865797,-5.101142902966096,-1.7266467557816423,182.38731089768925,175.4909664447107,189.44261803120497,0.11764247042476389,0.5194769838527371,0.0008506855462785123,0.6972377353920831,0.0,0.0,0.0,0.11764247042477213,0.5194769838526705,0.0008506855462783046,0.6972377353920629,0.0,0.0,0.0,0.05458911684360257,-6719.140347239996,13440.280694479992,13445.40678175329,2877.276241410926,AB_Q_WOB,0.3414457797743618,sub25
