,P_diff,congruency,hand,postError,block1,block2,block3,P,congruency,hand,postError,block1,block2,block3,p_DIFF,CONGRUENCY,HAND,POSTeRROR,BLOCK1,BLOCK2,BLOCK3,p,CONGRUENCY,HAND,POSTeRROR,BLOCK1,BLOCK2,BLOCK3,rSquared,LLH,AIC,BIC,MSE,model,alpha,subject
0,-23.385892812358584,6.377062445103923,11.403003753926454,24.3747788701616,190.751725200407,192.00048518620054,189.4731947355984,-23.385892812358563,6.377062445103955,11.403003753926496,24.37477887016166,190.7517252004069,192.00048518620062,189.4731947355984,3.725891187111269e-10,0.0291720383753123,3.8907237536506636e-06,0.004028125018391654,0.0,0.0,0.0,3.7258911871113904e-10,0.029172038375311463,3.890723753650348e-06,0.004028125018391562,0.0,0.0,0.0,0.06658265815712072,-7344.911356684484,14691.822713368969,14696.952811879095,7505.490647250124,AB_Q_WOB,0.5417479001500898,sub35
