,P_diff,congruency,hand,postError,block1,block2,block3,P,congruency,hand,postError,block1,block2,block3,p_DIFF,CONGRUENCY,HAND,POSTeRROR,BLOCK1,BLOCK2,BLOCK3,p,CONGRUENCY,HAND,POSTeRROR,BLOCK1,BLOCK2,BLOCK3,rSquared,LLH,AIC,BIC,MSE,model,alpha,subject
0,-24.470957357053962,-4.629758972793557,-6.267751946084472,0.5045886379822209,205.9090356035431,201.66266731084784,197.55411427952262,-24.47095735705423,-4.629758972793742,-6.267751946084283,0.5045886379822647,205.90903560354312,201.66266731084758,197.5541142795225,3.673113537454756e-05,0.1979019870059259,0.02954844314999581,0.9233356713674131,8.867297080553552e-231,1.0375243031739592e-300,1.090795592081402e-219,3.6731135374539904e-05,0.19790198700590872,0.029548443150000672,0.9233356713674066,8.867297080552544e-231,1.037524303174549e-300,1.0907955920815877e-219,0.031097577743992466,-6927.460780218107,13856.921560436214,13861.97341605917,9487.458203441001,AB_Q_WOB,0.2229308122435554,sub11
