,P_diff,congruency,hand,postError,block1,block2,block3,P,congruency,hand,postError,block1,block2,block3,p_DIFF,CONGRUENCY,HAND,POSTeRROR,BLOCK1,BLOCK2,BLOCK3,p,CONGRUENCY,HAND,POSTeRROR,BLOCK1,BLOCK2,BLOCK3,rSquared,LLH,AIC,BIC,MSE,model,alpha,subject
0,-11.745087270683408,3.2718683685089633,-0.6609855374338935,3.3187054324033785,214.47708289870758,202.30566811092677,204.86306672780108,-11.7450872706833,3.2718683685089918,-0.660985537433878,3.318705432403444,214.4770828987075,202.30566811092672,204.86306672780097,0.0038069946818883914,0.40483542761034175,0.842085571661708,0.5751511008448239,3.827712932999073e-252,9.820108951799653e-308,3.476238885959787e-234,0.00380699468188871,0.404835427610338,0.8420855716617118,0.5751511008448165,3.827712932999073e-252,9.820108951803003e-308,3.476238885959787e-234,0.018458446867418155,-7045.62605798117,14093.25211596234,14098.297892539218,12540.676883495571,AB_Q_WOB,0.819551944995662,sub43
