,P_diff,congruency,hand,postError,block1,block2,block3,P,congruency,hand,postError,block1,block2,block3,p_DIFF,CONGRUENCY,HAND,POSTeRROR,BLOCK1,BLOCK2,BLOCK3,p,CONGRUENCY,HAND,POSTeRROR,BLOCK1,BLOCK2,BLOCK3,rSquared,LLH,AIC,BIC,MSE,model,alpha,subject
0,-19.828822258141845,0.1366987027405399,6.577266849447955,7.040565492912151,159.4893659851011,153.04234079328626,148.25918572177656,-19.82882225814177,0.13669870274055743,6.577266849448044,7.040565492912059,159.489365985101,153.04234079328614,148.25918572177653,0.007507782504347299,0.9261320382265692,8.878772687077604e-06,0.07716563955147408,2.9022740470166287e-215,1.7834303900282417e-206,5.454983734742717e-194,0.007507782504347578,0.9261320382265598,8.878772687075062e-06,0.07716563955147829,2.9022740470172883e-215,1.7834303900279374e-206,5.4549837347399247e-194,0.05217957901067527,-6611.627869916535,13225.25573983307,13230.372945336234,2661.241328568532,AB_Q_WOB,0.09595583479375239,sub23
