,P_diff,congruency,hand,postError,block1,block2,block3,P,congruency,hand,postError,block1,block2,block3,p_DIFF,CONGRUENCY,HAND,POSTeRROR,BLOCK1,BLOCK2,BLOCK3,p,CONGRUENCY,HAND,POSTeRROR,BLOCK1,BLOCK2,BLOCK3,rSquared,LLH,AIC,BIC,MSE,model,alpha,subject
0,-16.88682316995662,-1.2809821477466081,6.180214840756669,22.538059293946066,187.8726925235255,190.61198617387433,193.22405660395543,-16.886823169956617,-1.2809821477465837,6.1802148407566975,22.53805929394612,187.87269252352547,190.61198617387416,193.224056603955,4.1004947513904214e-14,0.5420706275812479,0.0005179240221631038,1.0219003778377694e-05,0.0,0.0,0.0,4.1004947513904214e-14,0.5420706275812555,0.0005179240221630728,1.021900377837716e-05,0.0,0.0,0.0,0.07435334336300203,-6833.275228537389,13668.550457074778,13673.666851218872,3847.2050426680075,SR_Q_WOB,0.7853224367161512,sub45
