,P_diff,congruency,hand,postError,block1,block2,block3,P,congruency,hand,postError,block1,block2,block3,p_DIFF,CONGRUENCY,HAND,POSTeRROR,BLOCK1,BLOCK2,BLOCK3,p,CONGRUENCY,HAND,POSTeRROR,BLOCK1,BLOCK2,BLOCK3,rSquared,LLH,AIC,BIC,MSE,model,alpha,subject
0,-14.235714563484823,5.947643747189825,-1.7660885579091863,10.110862573387184,145.54390043936567,147.6984667731733,146.54913188317732,-14.235714563484871,5.947643747189797,-1.7660885579092949,10.110862573387163,145.54390043936564,147.69846677317304,146.54913188317744,1.0963432321789868e-05,1.3268758184797607e-08,0.08992431510218232,0.025628422291517083,0.0,0.0,0.0,1.0963432321788908e-05,1.3268758184799256e-08,0.0899243151021631,0.025628422291517364,0.0,0.0,0.0,0.04800456974687439,-6308.2647212369875,12618.529442473975,12623.665129821004,1349.0099207009478,AB_Q_WOB,0.19586740997394378,sub29
