,P_diff,congruency,hand,postError,block1,block2,block3,P,congruency,hand,postError,block1,block2,block3,p_DIFF,CONGRUENCY,HAND,POSTeRROR,BLOCK1,BLOCK2,BLOCK3,p,CONGRUENCY,HAND,POSTeRROR,BLOCK1,BLOCK2,BLOCK3,rSquared,LLH,AIC,BIC,MSE,model,alpha,subject
0,207762267325.71167,960877250422.6953,16332555680044.031,1475765341624.3691,207241403077831.0,-20182356615037.25,1780781888618.6191,-207762267363.55054,-960877250410.5273,-16332555680023.469,-1475765341625.459,-207241403077486.5,20182356615369.656,-1780781888260.0938,0.8362105562154254,0.8362105561996722,0.8362105562005873,0.8362105562007358,0.8362105562005575,0.836210556202019,0.8362105561844353,0.836210556185957,0.8362105562017101,0.8362105562007932,0.8362105562006413,0.8362105562008251,0.8362105561993596,0.8362105562169448,0.08273858667711298,-7226.645262672555,14455.29052534511,14460.417416154009,6457.14756856687,SR_Q_WOB,1.0,sub33
