,P_diff,congruency,hand,postError,block1,block2,block3,P,congruency,hand,postError,block1,block2,block3,p_DIFF,CONGRUENCY,HAND,POSTeRROR,BLOCK1,BLOCK2,BLOCK3,p,CONGRUENCY,HAND,POSTeRROR,BLOCK1,BLOCK2,BLOCK3,rSquared,LLH,AIC,BIC,MSE,model,alpha,subject
0,-24.07792624269769,6.441407036083179,-7.831888627329572,12.880641110372594,215.39531036235414,209.39547466942787,205.3740049410155,-24.077926242697593,6.441407036083273,-7.831888627329709,12.88064111037258,215.39531036235428,209.39547466942784,205.37400494101541,6.367854997322519e-08,0.0009407210122403651,5.895071187923318e-05,0.29736733259788845,0.0,0.0,0.0,6.367854997323591e-08,0.0009407210122402095,5.895071187921615e-05,0.2973673325978891,0.0,0.0,0.0,0.055807465405109724,-7204.510852499618,14411.021704999235,14416.171621835367,4780.733401442308,AB_Q_WOB,0.34676569612826047,sub05
