,P_diff,congruency,hand,postError,block1,block2,block3,P,congruency,hand,postError,block1,block2,block3,p_DIFF,CONGRUENCY,HAND,POSTeRROR,BLOCK1,BLOCK2,BLOCK3,p,CONGRUENCY,HAND,POSTeRROR,BLOCK1,BLOCK2,BLOCK3,rSquared,LLH,AIC,BIC,MSE,model,alpha,subject
0,-23.41332922316283,0.9232453643994963,4.053899317507936,21.10261717102941,195.38298755505264,199.74239017900524,207.49004317468473,-23.413329223162865,0.9232453643995294,4.053899317507917,21.10261717102944,195.38298755505278,199.74239017900518,207.4900431746849,1.2409867790086213e-09,0.7523086861484721,0.10372282272953905,0.0007531357495400451,2.586167e-318,0.0,0.0,1.2409867790085444e-09,0.7523086861484634,0.10372282272954074,0.0007531357495400415,2.586167e-318,0.0,0.0,0.05266020739816957,-7550.946695621906,15103.893391243811,15109.04722504539,7861.257159423,AB_Q_WOB,0.5025082096041954,sub20
