,P_diff,congruency,hand,postError,block1,block2,block3,P,congruency,hand,postError,block1,block2,block3,p_DIFF,CONGRUENCY,HAND,POSTeRROR,BLOCK1,BLOCK2,BLOCK3,p,CONGRUENCY,HAND,POSTeRROR,BLOCK1,BLOCK2,BLOCK3,rSquared,LLH,AIC,BIC,MSE,model,alpha,subject
0,-16.58398094758262,14.395207489450197,8.721274188344719,0.466559771676347,188.5399929787626,184.2305591055338,181.19361763708292,-16.583980947582578,14.395207489450264,8.7212741883448,0.46655977167634965,188.53999297876254,184.230559105534,181.19361763708298,4.90327379988416e-07,9.003748492414354e-07,0.00046116211811520657,0.937530814617287,0.0,0.0,0.0,4.903273799884547e-07,9.003748492413458e-07,0.00046116211811514694,0.9375308146172866,0.0,0.0,0.0,0.06270928168548784,-7554.522103925895,15111.04420785179,15116.198823208704,7832.885286335559,AB_Q_WOB,0.7048705235126945,sub37
