,P_diff,congruency,hand,postError,block1,block2,block3,P,congruency,hand,postError,block1,block2,block3,p_DIFF,CONGRUENCY,HAND,POSTeRROR,BLOCK1,BLOCK2,BLOCK3,p,CONGRUENCY,HAND,POSTeRROR,BLOCK1,BLOCK2,BLOCK3,rSquared,LLH,AIC,BIC,MSE,model,alpha,alpha_error,subject
0,-14.825012687328286,0.26520067114208706,-2.8932195750800003,5.777481006362196,215.78766480190725,202.89839060348467,205.92758723024346,-14.825012687328472,0.2652006711420533,-2.893219575080053,5.777481006362281,215.7876648019074,202.89839060348447,205.92758723024332,0.01816862887922602,0.9514690216645229,0.43915532149929315,0.37721053092567913,4.5706950242524954e-210,7.447045930974722e-250,1.6849673494325555e-191,0.018168628879224567,0.9514690216645291,0.43915532149928505,0.37721053092567236,4.570695024254055e-210,7.447045930975569e-250,1.6849673494327474e-191,0.012279999930353336,-8003.757664214416,16011.515328428832,16021.807297364261,17613.099818891034,AB_Q_E_WOB,0.3899022457630666,0.6435037416655179,sub43
