,P_diff,congruency,hand,postError,block1,block2,block3,P,congruency,hand,postError,block1,block2,block3,p_DIFF,CONGRUENCY,HAND,POSTeRROR,BLOCK1,BLOCK2,BLOCK3,p,CONGRUENCY,HAND,POSTeRROR,BLOCK1,BLOCK2,BLOCK3,rSquared,LLH,AIC,BIC,MSE,model,alpha,subject
0,-25.580647635676474,5.672341760374192,-4.014071557581111,3.2642216512951507,176.83485744210012,176.20885715275352,168.46062673858242,-25.580647635676367,5.672341760374167,-4.014071557581312,3.2642216512951188,176.83485744210012,176.20885715275355,168.46062673858225,2.7191542064466565e-08,0.004317064823045401,0.042848748261345826,0.47497367423714787,0.0,0.0,0.0,2.7191542064469993e-08,0.0043170648230455395,0.042848748261335674,0.474973674237152,0.0,0.0,0.0,0.04637936091655781,-7220.847435119387,14443.694870238774,14448.844001837331,4947.899785730163,AB_Q_WOB,0.30641451542484904,sub24
