,P_diff,congruency,hand,postError,block1,block2,block3,P,congruency,hand,postError,block1,block2,block3,p_DIFF,CONGRUENCY,HAND,POSTeRROR,BLOCK1,BLOCK2,BLOCK3,p,CONGRUENCY,HAND,POSTeRROR,BLOCK1,BLOCK2,BLOCK3,rSquared,LLH,AIC,BIC,MSE,model,alpha,subject
0,-6.434600391040965,1.1074578430824484,-5.16308228893304,-2.1967131965607507,181.72135541297382,174.90849922086093,188.46459685446254,-6.434600391040872,1.1074578430824076,-5.163082288932958,-2.1967131965607622,181.721355412974,174.90849922086085,188.46459685446268,0.030807418310590782,0.46393252109300687,0.0006542039213023388,0.6140393320000992,0.0,0.0,0.0,0.03080741831059326,0.4639325210930232,0.0006542039213024627,0.6140393320000974,0.0,0.0,0.0,0.05348279698181635,-6943.178342023658,13888.356684047316,13893.514419531566,2913.3021301609556,SR_Q_WOB,0.4460142907772438,sub25
