,P_diff,congruency,hand,postError,block1,block2,block3,P,congruency,hand,postError,block1,block2,block3,p_DIFF,CONGRUENCY,HAND,POSTeRROR,BLOCK1,BLOCK2,BLOCK3,p,CONGRUENCY,HAND,POSTeRROR,BLOCK1,BLOCK2,BLOCK3,rSquared,LLH,AIC,BIC,MSE,model,alpha,subject
0,-1.3750220853222705,7.745810445913479,17.629748440627694,2.1586376532766827,182.32538649898373,181.53269423753738,188.547527770763,-1.3750220853221125,7.745810445913535,17.629748440627615,2.1586376532766938,182.32538649898382,181.53269423753747,188.54752777076288,0.6035614812995274,0.0019026302116146308,2.0149201158119867e-16,0.6957933099627465,0.0,0.0,0.0,0.6035614812995692,0.001902630211614468,2.0149201158124363e-16,0.6957933099627446,0.0,0.0,0.0,0.06460344050705802,-7324.743686008814,14651.487372017627,14656.638857481532,5669.814831087593,AB_Q_WOB,0.7779858586131645,sub04
