,P_diff,congruency,hand,postError,block1,block2,block3,P,congruency,hand,postError,block1,block2,block3,p_DIFF,CONGRUENCY,HAND,POSTeRROR,BLOCK1,BLOCK2,BLOCK3,p,CONGRUENCY,HAND,POSTeRROR,BLOCK1,BLOCK2,BLOCK3,rSquared,LLH,AIC,BIC,MSE,model,alpha,alpha_error,subject
0,-2.532288083270503,10.567680511624616,4.365780949328986,-24.512237796179683,169.8199963845804,178.77214588908348,183.16436097315125,-2.5322880832706143,10.567680511624587,4.365780949328888,-24.512237796179658,169.8199963845806,178.77214588908308,183.1643609731514,0.6595418739888361,0.009531814929220365,0.2835138213981928,0.0014946893746445647,5.557292510509825e-161,8.393296836927007e-175,3.4098011141991906e-184,0.6595418739888221,0.00953181492922055,0.2835138213982035,0.001494689374644577,5.557292510508559e-161,8.393296836933218e-175,3.4098011141991906e-184,0.022097119573160295,-8035.158396728664,16074.316793457328,16084.59135033185,20673.740308032004,AB_Q_E_WOB,0.6771611646326525,0.18047900265036912,sub08
