,P_diff,congruency,hand,postError,block1,block2,block3,P,congruency,hand,postError,block1,block2,block3,p_DIFF,CONGRUENCY,HAND,POSTeRROR,BLOCK1,BLOCK2,BLOCK3,p,CONGRUENCY,HAND,POSTeRROR,BLOCK1,BLOCK2,BLOCK3,rSquared,LLH,AIC,BIC,MSE,model,alpha,subject
0,-8.221436052069995,1.857473174414757,2.422498317734957,-4.762838130010616,158.5514594872369,165.31881757663777,163.74860117803328,-8.221436052070093,1.8574731744146478,2.4224983177349473,-4.762838130010802,158.55145948723683,165.3188175766377,163.74860117803306,6.015934155741784e-05,0.28365417609106824,0.09884210875469147,0.23342030243262582,0.0,0.0,0.0,6.015934155740553e-05,0.2836541760910967,0.09884210875469303,0.23342030243260817,0.0,0.0,0.0,0.02404816041539848,-6875.500780498821,13753.001560997642,13758.15539479922,2733.921790123622,AB_Q_WOB,0.6433158026850666,sub17
