,P_diff,congruency,hand,postError,block1,block2,block3,P,congruency,hand,postError,block1,block2,block3,p_DIFF,CONGRUENCY,HAND,POSTeRROR,BLOCK1,BLOCK2,BLOCK3,p,CONGRUENCY,HAND,POSTeRROR,BLOCK1,BLOCK2,BLOCK3,rSquared,LLH,AIC,BIC,MSE,model,alpha,subject
0,-17.187255620330124,-4.595121663069035,-3.9594211609073997,-2.2889575637874158,205.29929552560517,203.24219358209498,196.24254649216428,-17.18725562033015,-4.5951216630691185,-3.9594211609072207,-2.288957563787419,205.29929552560495,203.24219358209473,196.24254649216425,0.0039038339579691426,0.2188997879324179,0.20881041408281817,0.6785098276135697,5.648344085300493e-229,2.3990869903990077e-293,1.5523094526665208e-220,0.0039038339579691196,0.21889978793240986,0.20881041408283896,0.678509827613569,5.648344085299851e-229,2.3990869903992806e-293,1.5523094526665208e-220,0.017266446803851587,-7817.539097571543,15637.078195143085,15642.228111979217,12513.39310281397,AB_Q_WOB,0.26648403042067637,sub11
