,P_diff,congruency,hand,postError,block1,block2,block3,P,congruency,hand,postError,block1,block2,block3,p_DIFF,CONGRUENCY,HAND,POSTeRROR,BLOCK1,BLOCK2,BLOCK3,p,CONGRUENCY,HAND,POSTeRROR,BLOCK1,BLOCK2,BLOCK3,rSquared,LLH,AIC,BIC,MSE,model,alpha,alpha_error,subject
0,-3.1341330387085087,1.1195424844405286,-5.1791185329293,-1.961943192652578,183.36577045728677,176.6428540027892,190.13777269025502,-3.134133038708467,1.1195424844405526,-5.179118532929385,-1.9619431926526278,183.36577045728657,176.64285400278908,190.13777269025513,0.0827598355239538,0.45935756196941624,0.0006344497950368065,0.6524709868999023,0.0,0.0,0.0,0.0827598355239579,0.45935756196940647,0.0006344497950366844,0.6524709868998942,0.0,0.0,0.0,0.052255712411536925,-6944.010105123124,13892.020210246248,13902.335681214749,2917.078995585615,AB_Q_E_WOB,0.8402923336334949,0.443737540825875,sub25
