,P_diff,congruency,hand,postError,block1,block2,block3,P,congruency,hand,postError,block1,block2,block3,p_DIFF,CONGRUENCY,HAND,POSTeRROR,BLOCK1,BLOCK2,BLOCK3,p,CONGRUENCY,HAND,POSTeRROR,BLOCK1,BLOCK2,BLOCK3,rSquared,LLH,AIC,BIC,MSE,model,alpha,alpha_error,subject
0,-20.933789805536883,4.939842089039402,7.166152429484367,32.44133702994681,197.56574163804953,195.45844270980965,184.00633226646804,-20.933789805537106,4.93984208903932,7.1661524294847165,32.44133702994637,197.56574163804945,195.4584427098096,184.00633226646826,1.3459842809182337e-05,0.07451427748543053,0.0018774593785337993,0.03804280689416927,6.7874084643941e-310,0.0,2.0863901534864224e-282,1.3459842809179608e-05,0.07451427748543536,0.0018774593785328185,0.03804280689417157,6.78740846439727e-310,0.0,2.0863901534866597e-282,0.043947300843762416,-7450.756390750556,14905.512781501113,14915.82044910427,6721.246178288701,AB_Q_E_WOB,0.17869007654611138,0.10379947943786491,sub10
