,P_diff,congruency,hand,postError,block1,block2,block3,P,congruency,hand,postError,block1,block2,block3,p_DIFF,CONGRUENCY,HAND,POSTeRROR,BLOCK1,BLOCK2,BLOCK3,p,CONGRUENCY,HAND,POSTeRROR,BLOCK1,BLOCK2,BLOCK3,rSquared,LLH,AIC,BIC,MSE,model,alpha,subject
0,-5.837474258344239,-3.379857848582714,3.6220271453737976,-14.773004958735472,210.49103342673584,192.40439902691605,193.04784883121934,-5.8374742583442,-3.379857848582533,3.6220271453737842,-14.773004958735491,210.49103342673584,192.40439902691585,193.04784883121908,0.011441200608853628,0.16984741870088585,0.08748275604969313,0.012508871524207295,0.0,0.0,0.0,0.011441200608854101,0.1698474187009086,0.08748275604969427,0.012508871524207228,0.0,0.0,0.0,0.05273314055529643,-7357.151866623259,14716.303733246517,14721.459129548413,5703.651575432211,AB_Q_WOB,0.9496028957826546,sub47
