,P_diff,congruency,hand,postError,block1,block2,block3,P,congruency,hand,postError,block1,block2,block3,p_DIFF,CONGRUENCY,HAND,POSTeRROR,BLOCK1,BLOCK2,BLOCK3,p,CONGRUENCY,HAND,POSTeRROR,BLOCK1,BLOCK2,BLOCK3,rSquared,LLH,AIC,BIC,MSE,model,alpha,subject
0,-6.284050894634708,7.136239696005686,17.674324120710363,1.9961487982124364,180.5679065451351,179.9460156343115,186.7961167970511,-6.28405089463466,7.136239696005662,17.674324120710416,1.996148798212447,180.5679065451351,179.9460156343115,186.7961167970509,0.15659306175189522,0.004637850856025911,1.6136105409573548e-16,0.7173223448930877,0.0,0.0,0.0,0.15659306175189855,0.004637850856026084,1.613610540957052e-16,0.7173223448930865,0.0,0.0,0.0,0.06588355483792407,-7323.869968555444,14649.739937110888,14654.891422574792,5662.059346498724,SR_Q_WOB,0.1647960960862598,sub04
