,P_diff,congruency,hand,postError,block1,block2,block3,P,congruency,hand,postError,block1,block2,block3,p_DIFF,CONGRUENCY,HAND,POSTeRROR,BLOCK1,BLOCK2,BLOCK3,p,CONGRUENCY,HAND,POSTeRROR,BLOCK1,BLOCK2,BLOCK3,rSquared,LLH,AIC,BIC,MSE,model,alpha,alpha_error,subject
0,-14.296413447986998,0.3685441652404302,0.014671010022460962,-12.0652958720489,192.64639246072892,183.26574831909537,190.50165226025635,-14.296413447987156,0.36854416524034406,0.014671010022409448,-12.065295872048864,192.6463924607287,183.26574831909522,190.50165226025632,1.2293110877108709e-05,0.8866100072742931,0.9954803079153053,0.05595560946865267,0.0,0.0,0.0,1.22931108771058e-05,0.8866100072743193,0.9954803079153212,0.05595560946865323,0.0,0.0,0.0,0.024487586703764053,-7554.453879918243,15112.907759836486,15123.204451324285,8435.414925092016,AB_Q_E_WOB,0.7759580677864595,0.4240782108396477,sub30
