,P_diff,congruency,hand,postError,block1,block2,block3,P,congruency,hand,postError,block1,block2,block3,p_DIFF,CONGRUENCY,HAND,POSTeRROR,BLOCK1,BLOCK2,BLOCK3,p,CONGRUENCY,HAND,POSTeRROR,BLOCK1,BLOCK2,BLOCK3,rSquared,LLH,AIC,BIC,MSE,model,alpha,subject
0,-10.411285771304764,-1.0490314936166636,12.736915850554492,14.160697869050294,184.0986588756342,178.70020890887486,179.73601602898609,-10.411285771304813,-1.0490314936166945,12.736915850554539,14.160697869050425,184.09865887563421,178.70020890887486,179.7360160289858,0.00050438315903678,0.7048146765352712,8.211708580908109e-08,0.07841171620071974,0.0,0.0,2.64566e-318,0.0005043831590367422,0.7048146765352632,8.211708580907279e-08,0.07841171620071687,0.0,0.0,2.64566e-318,0.0389239004240558,-7401.803305804308,14805.606611608617,14810.75022921132,7011.697515276806,AB_Q_WOB,0.7586320187781168,sub12
