,P_diff,congruency,hand,postError,block1,block2,block3,P,congruency,hand,postError,block1,block2,block3,p_DIFF,CONGRUENCY,HAND,POSTeRROR,BLOCK1,BLOCK2,BLOCK3,p,CONGRUENCY,HAND,POSTeRROR,BLOCK1,BLOCK2,BLOCK3,rSquared,LLH,AIC,BIC,MSE,model,alpha,subject
0,-8.523919980462582,2.8383648020908474,5.2829704230056285,16.238864110758588,196.60532809450692,221.97905002243667,220.08379281215275,-8.523919980462694,2.8383648020906866,5.282970423005645,16.23886411075877,196.605328094507,221.9790500224366,220.0837928121528,0.015678862584693948,0.43003888395485135,0.08428238967363784,0.019097322952560915,7.271014111724691e-259,0.0,5.23526421984561e-295,0.015678862584692584,0.4300388839548771,0.0842823896736368,0.019097322952559656,7.271014111723864e-259,0.0,5.23526421984442e-295,0.05421075022305211,-7674.50370555405,15351.0074111081,15356.14468954536,11652.513447277268,AB_Q_WOB,0.8729528068028255,sub42
