,P_diff,congruency,hand,postError,block1,block2,block3,P,congruency,hand,postError,block1,block2,block3,p_DIFF,CONGRUENCY,HAND,POSTeRROR,BLOCK1,BLOCK2,BLOCK3,p,CONGRUENCY,HAND,POSTeRROR,BLOCK1,BLOCK2,BLOCK3,rSquared,LLH,AIC,BIC,MSE,model,alpha,alpha_error,subject
0,6.10522582307393,8.996530207973485,17.63719620710033,2.4034831974155404,184.7621772059036,183.833680176603,191.17004087846703,6.105225823074212,8.996530207973487,17.63719620710023,2.4034831974155977,184.76217720590364,183.83368017660308,191.17004087846698,0.2932146339302281,0.0006285474133644507,1.8995087193800943e-16,0.6627960036539049,0.0,0.0,0.0,0.2932146339302065,0.0006285474133644405,1.8995087193807244e-16,0.6627960036538976,0.0,0.0,0.0,0.06521907637192426,-7324.323644916973,14652.647289833945,14662.950260761754,5666.087019175216,AB_Q_E_WOB,0.018585518094125012,0.018115716586789888,sub04
