,P_diff,congruency,hand,postError,block1,block2,block3,P,congruency,hand,postError,block1,block2,block3,p_DIFF,CONGRUENCY,HAND,POSTeRROR,BLOCK1,BLOCK2,BLOCK3,p,CONGRUENCY,HAND,POSTeRROR,BLOCK1,BLOCK2,BLOCK3,rSquared,LLH,AIC,BIC,MSE,model,alpha,subject
0,-19.82022517402094,-0.08251003442610072,5.876408222843578,12.068860365562847,185.591259972371,188.70908449694207,189.92509857419526,-19.820225174021004,-0.08251003442597193,5.876408222843568,12.068860365563049,185.591259972371,188.7090844969421,189.92509857419495,5.929343970266079e-10,0.9693737048647697,0.0012632054813742804,0.01592682118646239,0.0,0.0,0.0,5.929343970265323e-10,0.9693737048648174,0.0012632054813743112,0.015926821186460584,0.0,0.0,0.0,0.04601726024385755,-7142.888388297627,14287.776776595254,14292.929828230192,4189.56430730794,SR_Q_WOB,0.3581863946974607,sub45
