,P_diff,congruency,hand,postError,block1,block2,block3,P,congruency,hand,postError,block1,block2,block3,p_DIFF,CONGRUENCY,HAND,POSTeRROR,BLOCK1,BLOCK2,BLOCK3,p,CONGRUENCY,HAND,POSTeRROR,BLOCK1,BLOCK2,BLOCK3,rSquared,LLH,AIC,BIC,MSE,model,alpha,subject
0,-18.567176523896425,6.5405663298106855,9.36550721662994,24.977220181204938,198.57705507587312,213.41247487623372,236.0583947726014,-18.567176523896457,6.540566329810678,9.365507216630036,24.9772201812051,198.57705507587335,213.41247487623366,236.05839477260173,0.0008650062267990356,0.05593831155382814,0.0010205023276257592,0.02587256593087203,0.0,1.2e-322,0.0,0.0008650062267990139,0.055938311553828335,0.0010205023276256366,0.02587256593087105,0.0,1.2e-322,0.0,0.10493966579363867,-7682.715498019939,15367.430996039879,15372.580127638435,10222.792763157064,AB_Q_WOB,0.24335087027885374,sub15
