,P_diff,congruency,hand,postError,block1,block2,block3,P,congruency,hand,postError,block1,block2,block3,p_DIFF,CONGRUENCY,HAND,POSTeRROR,BLOCK1,BLOCK2,BLOCK3,p,CONGRUENCY,HAND,POSTeRROR,BLOCK1,BLOCK2,BLOCK3,rSquared,LLH,AIC,BIC,MSE,model,alpha,alpha_error,subject
0,-16.943925612777974,14.339628421598459,8.723383775314877,0.5886387262157573,188.42443970357317,184.14051985232769,181.075145770914,-16.943925612778003,14.33962842159838,8.72338377531476,0.5886387262155921,188.4244397035731,184.14051985232769,181.0751457709139,3.6792111632182276e-07,9.93390074630135e-07,0.00045838094894008546,0.9211855346059595,0.0,0.0,0.0,3.6792111632180296e-07,9.933900746302652e-07,0.00045838094894017187,0.9211855346059815,0.0,0.0,0.0,0.063117384612982,-7554.243382771318,15112.486765542635,15122.795996256462,7830.730583892822,AB_Q_E_WOB,0.6921819703031824,0.647005644273751,sub37
