,P_diff,congruency,hand,postError,block1,block2,block3,P,congruency,hand,postError,block1,block2,block3,p_DIFF,CONGRUENCY,HAND,POSTeRROR,BLOCK1,BLOCK2,BLOCK3,p,CONGRUENCY,HAND,POSTeRROR,BLOCK1,BLOCK2,BLOCK3,rSquared,LLH,AIC,BIC,MSE,model,alpha,subject
0,-26.51455826972815,4.126182788221136,5.068781092236862,17.5589271562661,187.7580920586353,179.54778827764108,182.3325548998997,-26.514558269728294,4.1261827882211275,5.068781092236842,17.55892715626603,187.75809205863533,179.54778827764108,182.33255489989926,6.79334034603629e-08,0.017158901230917966,0.0034427677147557015,0.002587014770629664,0.0,0.0,0.0,6.79334034603527e-08,0.01715890123091805,0.003442767714755836,0.002587014770629767,0.0,0.0,0.0,0.049759982638245326,-7086.322738814289,14174.645477628577,14179.799311430155,3801.531433417743,AB_Q_WOB,0.21539717726418042,sub21
