,P_diff,congruency,hand,postError,block1,block2,block3,P,congruency,hand,postError,block1,block2,block3,p_DIFF,CONGRUENCY,HAND,POSTeRROR,BLOCK1,BLOCK2,BLOCK3,p,CONGRUENCY,HAND,POSTeRROR,BLOCK1,BLOCK2,BLOCK3,rSquared,LLH,AIC,BIC,MSE,model,alpha,subject
0,-10.710303378920251,7.365999013064185,-1.9129300710872,10.816940312343144,184.96715562573527,174.72798649364248,176.18682010778568,-10.71030337892024,7.365999013064264,-1.9129300710871422,10.8169403123432,184.9671556257353,174.72798649364253,176.18682010778548,4.019939225999619e-06,0.0030821071157556604,0.37010188419667744,0.03659739910233271,0.0,0.0,0.0,4.019939225999731e-06,0.0030821071157553516,0.37010188419669166,0.036597399102331576,0.0,0.0,0.0,0.04014135172871669,-7335.177098114997,14672.354196229993,14677.505681693898,5763.3187073534855,AB_Q_WOB,0.9622824643876364,sub13
