,P_diff,congruency,hand,postError,block1,block2,block3,P,congruency,hand,postError,block1,block2,block3,p_DIFF,CONGRUENCY,HAND,POSTeRROR,BLOCK1,BLOCK2,BLOCK3,p,CONGRUENCY,HAND,POSTeRROR,BLOCK1,BLOCK2,BLOCK3,rSquared,LLH,AIC,BIC,MSE,model,alpha,subject
0,-16.855475771046876,1.4771594129409553,0.32527486002787515,4.048615175687683,197.99418707830975,195.55487858228548,193.6489611796346,-16.85547577104697,1.4771594129410368,0.3252748600278949,4.04861517568764,197.99418707830975,195.5548785822855,193.64896117963465,0.015292228685899394,0.475228863340748,0.8748539134284566,0.7575932707450793,9.019111191994836e-286,5.263629129670455e-278,2.1184546960911973e-275,0.01529222868589883,0.4752288633407238,0.8748539134284491,0.7575932707450819,9.019111191994836e-286,5.263629129669258e-278,2.1184546960921612e-275,0.007326466061927661,-7307.0359865356895,14616.071973071379,14621.225024706317,5471.805655932121,AB_Q_WOB,0.16913763984634667,sub31
