,P_diff,congruency,hand,postError,block1,block2,block3,P,congruency,hand,postError,block1,block2,block3,p_DIFF,CONGRUENCY,HAND,POSTeRROR,BLOCK1,BLOCK2,BLOCK3,p,CONGRUENCY,HAND,POSTeRROR,BLOCK1,BLOCK2,BLOCK3,rSquared,LLH,AIC,BIC,MSE,model,alpha,subject
0,-13.46693232363026,4.983819003686286,9.927527178794012,1.1278306884218532,174.36226856168662,168.33225589739297,181.15572024461542,-13.466932323630227,4.9838190036864,9.9275271787939,1.127830688421818,174.36226856168673,168.332255897393,181.15572024461545,0.002529130571874852,0.07218564983520774,2.0331720158665875e-05,0.8794062218146814,0.0,3.75414632823e-313,0.0,0.0025291305718749325,0.07218564983520168,2.0331720158670418e-05,0.8794062218146852,0.0,3.75414632823e-313,0.0,0.0365486351289821,-7455.092783488678,14912.185566977356,14917.338618612293,6831.823814706816,AB_Q_WOB,0.2397459211385132,sub33
