,P_diff,congruency,hand,postError,block1,block2,block3,P,congruency,hand,postError,block1,block2,block3,p_DIFF,CONGRUENCY,HAND,POSTeRROR,BLOCK1,BLOCK2,BLOCK3,p,CONGRUENCY,HAND,POSTeRROR,BLOCK1,BLOCK2,BLOCK3,rSquared,LLH,AIC,BIC,MSE,model,alpha,subject
0,-17.68446340653741,4.315422266118688,7.233989954184347,35.996155602231696,199.1823168823989,196.67086888836894,186.10747854249172,-17.68446340653744,4.3154222661186985,7.233989954184278,35.996155602231696,199.18231688239888,196.67086888836883,186.10747854249166,1.4409821440020195e-07,0.11021614998930024,0.0016386714681935171,0.020861652932726543,0.0,0.0,0.0,1.4409821440019663e-07,0.11021614998929957,0.001638671468193687,0.02086165293272658,0.0,0.0,0.0,0.05048362618134705,-7446.36925358901,14894.73850717802,14899.892340979599,6675.315883400834,SR_Q_WOB,0.5757815947670147,sub10
