,P_diff,congruency,hand,postError,block1,block2,block3,P,congruency,hand,postError,block1,block2,block3,p_DIFF,CONGRUENCY,HAND,POSTeRROR,BLOCK1,BLOCK2,BLOCK3,p,CONGRUENCY,HAND,POSTeRROR,BLOCK1,BLOCK2,BLOCK3,rSquared,LLH,AIC,BIC,MSE,model,alpha,subject
0,-30.49869826490038,0.466521936953904,-6.29009966548655,13.583113366092102,191.1630660915328,198.1060841644632,196.7996851233531,-30.498698264900302,0.46652193695395816,-6.290099665486681,13.583113366092167,191.1630660915327,198.1060841644631,196.79968512335287,2.423641967189034e-13,0.8607004035905061,0.005105239130050368,0.04507612179396286,0.0,0.0,0.0,2.4236419671894205e-13,0.8607004035904902,0.005105239130049487,0.04507612179396164,0.0,0.0,0.0,0.05781053514598322,-7386.782191067421,14775.564382134842,14780.714298970974,6363.458610276498,SR_Q_WOB,0.29967298119840374,sub34
