,P_diff,congruency,hand,postError,block1,block2,block3,P,congruency,hand,postError,block1,block2,block3,p_DIFF,CONGRUENCY,HAND,POSTeRROR,BLOCK1,BLOCK2,BLOCK3,p,CONGRUENCY,HAND,POSTeRROR,BLOCK1,BLOCK2,BLOCK3,rSquared,LLH,AIC,BIC,MSE,model,alpha,subject
0,-5.394352951039948,10.573978316221691,4.2664677728043525,-24.448348589040734,168.50081478844083,177.38553287482483,181.80995614489038,-5.394352951039992,10.573978316221641,4.266467772804464,-24.44834858904077,168.50081478844066,177.385532874825,181.8099561448904,0.2882644304000239,0.009462668481310041,0.29445277199437503,0.0015304261674962147,9.93577902699108e-167,2.928140673188274e-180,9.752603223449028e-192,0.2882644304000199,0.009462668481310362,0.2944527719943621,0.0015304261674961954,9.935779026988253e-167,2.9281406731872744e-180,9.75260322344237e-192,0.022826953714108922,-8034.688782541605,16071.37756508321,16076.51484352047,20658.310962331645,AB_Q_WOB,0.7773746098140513,sub08
