,P_diff,congruency,hand,postError,block1,block2,block3,P,congruency,hand,postError,block1,block2,block3,p_DIFF,CONGRUENCY,HAND,POSTeRROR,BLOCK1,BLOCK2,BLOCK3,p,CONGRUENCY,HAND,POSTeRROR,BLOCK1,BLOCK2,BLOCK3,rSquared,LLH,AIC,BIC,MSE,model,alpha,subject
0,-7.986332512223023,6.492284640145373,-7.600541990334433,5.102519890679563,223.46707734103785,217.4528944005416,213.60496613159694,-7.986332512223136,6.492284640145465,-7.600541990334438,5.10251989067957,223.46707734103796,217.4528944005417,213.6049661315974,4.797517655159526e-05,0.000909744600169963,0.00010432172874682407,0.6808829737573859,0.0,0.0,0.0,4.79751765515833e-05,0.000909744600169809,0.00010432172874682353,0.6808829737573854,0.0,0.0,0.0,0.04627555254820159,-7210.909319449462,14423.818638898923,14428.968555735055,4833.908559041405,SR_Q_WOB,1.0,sub05
