,P_diff,congruency,hand,postError,block1,block2,block3,P,congruency,hand,postError,block1,block2,block3,p_DIFF,CONGRUENCY,HAND,POSTeRROR,BLOCK1,BLOCK2,BLOCK3,p,CONGRUENCY,HAND,POSTeRROR,BLOCK1,BLOCK2,BLOCK3,rSquared,LLH,AIC,BIC,MSE,model,alpha,subject
0,-24.80975458414219,6.482453288987426,-4.238119102758079,1.2578999949391152,177.11201827896514,176.62628737248028,168.70164071974872,-24.809754584142308,6.482453288987554,-4.238119102758224,1.2578999949391019,177.1120182789652,176.62628737248028,168.70164071974872,3.0130151855972473e-15,0.0009267027384393347,0.03036546488154234,0.7803368814918688,0.0,0.0,0.0,3.0130151855963117e-15,0.0009267027384391129,0.0303654648815368,0.7803368814918712,0.0,0.0,0.0,0.06972002802361443,-7205.074740159402,14412.149480318803,14417.29861191736,4826.889583861495,SR_Q_WOB,0.5743142925963226,sub24
