,P_diff,congruency,hand,postError,block1,block2,block3,P,congruency,hand,postError,block1,block2,block3,p_DIFF,CONGRUENCY,HAND,POSTeRROR,BLOCK1,BLOCK2,BLOCK3,p,CONGRUENCY,HAND,POSTeRROR,BLOCK1,BLOCK2,BLOCK3,rSquared,LLH,AIC,BIC,MSE,model,alpha,subject
0,10.200648137553422,4.3640244138477495,15.763825045195997,7.370124204453053,183.84328221360184,187.6719667854529,182.65383322237477,10.200648137553298,4.3640244138474795,15.763825045195816,7.370124204452736,183.84328221360173,187.67196678545287,182.65383322237432,0.5924779822668289,0.008597384850013514,9.74658788919178e-21,0.2716362830840331,2.7818295265017006e-70,4.720754737214517e-73,2.834520088050365e-69,0.5924779822668331,0.008597384850017709,9.746587889201586e-21,0.27163628308405385,2.781829526501779e-70,4.720754737214517e-73,2.834520088048991e-69,0.07565558590443455,-7068.398022638161,14138.796045276322,14143.95455927365,3510.629302164397,AB_Q_WOB,0.02231653221636894,sub32
