,P_diff,congruency,hand,postError,block1,block2,block3,P,congruency,hand,postError,block1,block2,block3,p_DIFF,CONGRUENCY,HAND,POSTeRROR,BLOCK1,BLOCK2,BLOCK3,p,CONGRUENCY,HAND,POSTeRROR,BLOCK1,BLOCK2,BLOCK3,rSquared,LLH,AIC,BIC,MSE,model,alpha,alpha_error,subject
0,-10.669977547778903,-0.45060609930049633,6.565088178820699,6.903046849828854,163.94950920706034,157.92624207552979,152.75560218008528,-10.66997754777888,-0.4506060993004082,6.565088178820687,6.903046849828849,163.9495092070602,157.92624207552984,152.7556021800855,9.087859346723336e-07,0.7597101893803524,9.255059819964625e-06,0.08480971104386799,0.0,0.0,0.0,9.087859346723737e-07,0.7597101893803977,9.255059819964881e-06,0.08480971104386821,0.0,0.0,0.0,0.06248553487606434,-6875.433729829616,13754.867459659232,13765.173562929107,2756.7290582841697,AB_Q_E_WOB,0.65303845408976,0.6377708767630552,sub23
