,P_diff,congruency,hand,postError,block1,block2,block3,P,congruency,hand,postError,block1,block2,block3,p_DIFF,CONGRUENCY,HAND,POSTeRROR,BLOCK1,BLOCK2,BLOCK3,p,CONGRUENCY,HAND,POSTeRROR,BLOCK1,BLOCK2,BLOCK3,rSquared,LLH,AIC,BIC,MSE,model,alpha,subject
0,-21.917777636967156,2.105896947951498,-6.252413539361889,14.421263669201227,194.38076386742267,199.72589415176606,200.0081306815396,-21.917777636967152,2.105896947951448,-6.252413539361984,14.42126366920118,194.38076386742296,199.72589415176614,200.00813068153957,2.1962115502953545e-10,0.425001206301425,0.00562218392775706,0.03428121175729692,0.0,0.0,0.0,2.1962115502953545e-10,0.42500120630143623,0.00562218392775638,0.0342812117572975,0.0,0.0,0.0,0.04783141819581027,-7393.493442204463,14788.986884408925,14794.136801245057,6430.967224510425,AB_Q_WOB,0.515245734129686,sub34
