,P_diff,congruency,hand,postError,block1,block2,block3,P,congruency,hand,postError,block1,block2,block3,p_DIFF,CONGRUENCY,HAND,POSTeRROR,BLOCK1,BLOCK2,BLOCK3,p,CONGRUENCY,HAND,POSTeRROR,BLOCK1,BLOCK2,BLOCK3,rSquared,LLH,AIC,BIC,MSE,model,alpha,alpha_error,subject
0,-5.736096332768705,4.5721895612498855,27.39464171184195,6.746486632736474,200.88086988565755,219.90672640262508,225.11756196409488,-5.736096332768771,4.572189561249872,27.394641711841892,6.746486632736433,200.88086988565755,219.90672640262517,225.11756196409493,0.2758329032546271,0.15288875011304534,2.925707876649819e-17,0.4352893069090783,1.1579882496693352e-269,1.882989679310317e-301,2.3667479243478926e-303,0.2758329032546215,0.15288875011304695,2.9257078766502405e-17,0.43528930690908085,1.1579882496693352e-269,1.8829896793122448e-301,2.366747924348969e-303,0.08706552947652368,-7823.856230588684,15651.712461177369,15662.009152665169,12886.689576945755,AB_Q_E_WOB,0.536192558653579,0.9469859351780066,sub07
