,P_diff,congruency,hand,postError,block1,block2,block3,P,congruency,hand,postError,block1,block2,block3,p_DIFF,CONGRUENCY,HAND,POSTeRROR,BLOCK1,BLOCK2,BLOCK3,p,CONGRUENCY,HAND,POSTeRROR,BLOCK1,BLOCK2,BLOCK3,rSquared,LLH,AIC,BIC,MSE,model,alpha,subject
0,-23.80925817276966,1.4804223334114175,4.080924198886763,19.314205747806778,194.90750980253455,200.1487230358457,206.5233187268385,-23.809258172769674,1.4804223334115054,4.080924198886611,19.314205747806664,194.90750980253483,200.14872303584525,206.5233187268389,6.382544223272412e-20,0.603621903946208,0.09528523171635725,0.0016947363425772826,0.0,0.0,0.0,6.382544223272044e-20,0.6036219039461864,0.09528523171636952,0.001694736342577391,0.0,0.0,0.0,0.08674599630750635,-7527.512992771106,15057.025985542212,15062.17981934379,7607.469741985927,SR_Q_WOB,1.0,sub20
