,P_diff,congruency,hand,postError,block1,block2,block3,P,congruency,hand,postError,block1,block2,block3,p_DIFF,CONGRUENCY,HAND,POSTeRROR,BLOCK1,BLOCK2,BLOCK3,p,CONGRUENCY,HAND,POSTeRROR,BLOCK1,BLOCK2,BLOCK3,rSquared,LLH,AIC,BIC,MSE,model,alpha,subject
0,-15.634117223618334,-0.5331511318358726,6.396300920640601,7.2977970615211065,161.6908766301103,155.67667964619994,150.3008006062654,-15.634117223618455,-0.5331511318359852,6.396300920640525,7.297797061521108,161.69087663011024,155.67667964619994,150.30080060626528,0.004190979438425305,0.7191232819802933,1.74146712314994e-05,0.07025963952595377,1.7264161252302258e-300,1.1013694429362336e-290,2.367346129789257e-274,0.004190979438424955,0.7191232819802367,1.741467123150339e-05,0.07025963952595353,1.7264161252308147e-300,1.10136944293686e-290,2.367346129788449e-274,0.05066924691884178,-6883.43725512322,13768.87451024644,13774.027561881378,2791.474447202957,AB_Q_WOB,0.1640038713898616,sub23
