,P_diff,congruency,hand,postError,block1,block2,block3,P,congruency,hand,postError,block1,block2,block3,p_DIFF,CONGRUENCY,HAND,POSTeRROR,BLOCK1,BLOCK2,BLOCK3,p,CONGRUENCY,HAND,POSTeRROR,BLOCK1,BLOCK2,BLOCK3,rSquared,LLH,AIC,BIC,MSE,model,alpha,subject
0,-9.46542063962321,-0.028628371160560495,-2.8677062216649367,5.883251002970502,218.17618208284856,205.15286840831882,208.57710942664102,-9.465420639623277,-0.028628371160641652,-2.8677062216648204,5.8832510029704554,218.17618208284856,205.15286840831905,208.57710942664093,0.0186650802035793,0.9947369357097182,0.4432107379656106,0.36819626585252274,9.56255657235783e-238,8.564419355065409e-289,2.0999319884936906e-221,0.0186650802035784,0.9947369357097033,0.44321073796562915,0.3681962658525266,9.56255657235783e-238,8.564419355070278e-289,2.0999319884942874e-221,0.012243049948683304,-8003.781400014897,16009.562800029795,16014.708784497509,17613.75871330813,AB_Q_WOB,0.9551346472529277,sub43
