single_alpha,single_alpha_no_decay,no_decay,single_alpha_total_decay,total_decay,basic,error,same_CCC,diff_CCC
11697.406202681144,11715.91341555367,11715.913415365485,11709.13439954984,11706.562065188706,11695.313464960685,11694.730342708644,11694.194395592174,11691.850355865208
