single_alpha,single_alpha_no_decay,no_decay,single_alpha_total_decay,total_decay,basic,error,same_CCC,diff_CCC
12838.277692900976,12849.229579626333,12848.890591715284,12870.555802809564,12866.06175328561,12840.818227383794,12840.12483922204,12836.329899972146,12817.845538162885
