single_alpha,single_alpha_no_decay,no_decay,single_alpha_total_decay,total_decay,basic,error,same_CCC,diff_CCC
12121.98649376307,12108.306937333491,12105.864609075012,12130.886589648293,12108.833672836206,12094.015612789975,12093.455836840905,12086.336387804171,12085.666162890397
