single_alpha,single_alpha_no_decay,no_decay,single_alpha_total_decay,total_decay,basic,error,same_CCC,diff_CCC
11089.925601940336,11145.88681427209,11145.88681427209,11129.019187207197,11128.988740114226,11088.95822731425,11083.823947330504,11077.316305857505,11077.12057681739
