subject,SR_Q_WOB,SR_Q_D_WOB,SR_Q_D_E_WOB,SR_Q_D_alphaCCC_WOB,SR_Q_D_E_alphaCCC_WOB
sub01,11483.375928387946,11422.161673239829,12748.387383605066,12144.522717450027,11458.593950050783
