,conflict,congruency,hand,postError,block1,block2,block3,CONFLICT,CONGRUENCY,HAND,POSTeRROR,BLOCK1,BLOCK2,BLOCK3,rSquared,LLH,AIC,BIC,MSE,model,relevant,alpha,decay,ccc,alpha_ccc,subject
0,105.3220936738731,3.6225161240607395,1.0472393525711579,10.179250889250325,351.6506913066799,344.62693153146336,344.5036906550846,5.786685868824287e-21,0.3599341714613038,0.790907040898571,0.6838899194120297,6.140809972557244e-268,2.247131356166386e-252,3.915259531594061e-261,0.06962322335083004,-7194.275298202354,14398.550596404708,14424.28051874328,4917.808490175296,SR_Q_D_alphaCCC_WOB,0.756156296330613,1.0,0.5237277254237173,0.07140745670609416,0.589203175342507,sub31
