,conflict,congruency,hand,postError,block1,block2,block3,CONFLICT,CONGRUENCY,HAND,POSTeRROR,BLOCK1,BLOCK2,BLOCK3,rSquared,LLH,AIC,BIC,MSE,model,relevant,alpha,subject
0,245.91195398003174,6.51627453997242,-1.0222341782628277,10.838077797041667,427.7470941354087,403.40748759229916,408.9283697972631,0.0012514555133230697,0.4050449081923897,0.8774767526175492,0.3552129799369428,5.715021149399177e-252,2.2389453399511652e-306,5.790970241526025e-236,0.020211806874042226,-7044.599785969718,14093.199571939436,14103.291125093196,12518.275059565325,SR_Q_WOB,0.08620394153762878,0.9870498706111941,sub43
