,conflict,congruency,hand,postError,block1,block2,block3,CONFLICT,CONGRUENCY,HAND,POSTeRROR,BLOCK1,BLOCK2,BLOCK3,rSquared,LLH,AIC,BIC,MSE,model,relevant,alpha,decay,subject
0,148.1011173585148,16.328788542271052,-7.969322185937755,2.8932121892891898,309.449289588904,306.7819386222707,293.6890279970047,3.58069521063856e-19,3.0254249074627414e-05,0.04125988584016076,0.7494967937994093,5.615282502794706e-186,8.499769903092703e-189,1.2169549307759305e-173,0.08767165824192125,-6796.685131781373,13599.370263562745,13614.657943226037,4556.161756552114,SR_Q_D_WOB,0.5257277071969869,0.4366775748933941,0.1855963341447105,sub24
