,conflict,congruency,hand,postError,block1,block2,block3,CONFLICT,CONGRUENCY,HAND,POSTeRROR,BLOCK1,BLOCK2,BLOCK3,rSquared,LLH,AIC,BIC,MSE,model,relevant,alpha,decay,subject
0,72.67626784027769,9.478496777729973,31.718619394657882,14.506903046340911,307.4157473805088,313.6258720148452,304.95115588183234,2.0019589811746007e-28,0.0026800555805986497,5.771916982661049e-23,0.25111668533072906,0.0,0.0,0.0,0.16034944578322097,-6883.95272373547,13773.90544747094,13789.333929674423,3120.7937481672534,SR_Q_D_WOB,1.0,0.6439420968201189,0.7771835088451736,sub32
