,conflict,congruency,hand,postError,block1,block2,block3,CONFLICT,CONGRUENCY,HAND,POSTeRROR,BLOCK1,BLOCK2,BLOCK3,rSquared,LLH,AIC,BIC,MSE,model,relevant,alpha,subject
0,33.59191407437824,8.594146408687264,14.346174406961012,70.31300606477069,395.97576449049615,390.54081768117123,369.5831428759338,3.446958609020341e-08,0.11109175629913781,0.001818981984444751,0.023781208070325514,0.0,0.0,4.51803e-319,0.05275752827424163,-7397.578188719541,14799.156377439082,14809.45149598146,6652.09130728294,SR_Q_WOB,1.0,0.580874839730754,sub10
