,conflict,congruency,hand,postError,block1,block2,block3,CONFLICT,CONGRUENCY,HAND,POSTeRROR,BLOCK1,BLOCK2,BLOCK3,rSquared,LLH,AIC,BIC,MSE,model,relevant,alpha,decay,alpha_error,subject
0,233.3643907840039,0.6149872833859393,-4.617484357699023,-1.0875607242539793,339.1675967224009,375.45472200047226,342.90230024751986,2.2522054663905359e-07,0.9391595140410338,0.5000760287538402,0.9389832160005052,7.292391621478495e-53,1.1605247159731073e-68,9.365810069403366e-54,0.042491640049610035,-7246.459412400976,14500.918824801953,14521.188104196566,13596.292873704973,SR_Q_D_E_WOB,0.3982238122185723,0.2851086578390372,0.6158376189383957,0.3612863009646662,sub18
