,conflict,congruency,hand,postError,block1,block2,block3,CONFLICT,CONGRUENCY,HAND,POSTeRROR,BLOCK1,BLOCK2,BLOCK3,rSquared,LLH,AIC,BIC,MSE,model,relevant,alpha,subject
0,425.33382305323823,-8.585858187922607,9.905367562985976,13.000287502207392,470.39248227303915,490.3405054288896,452.6157201480679,7.049326984425074e-12,0.46198674256325056,0.3241161656822794,0.7711735619463669,2.710524748235743e-237,7.004178505903084e-188,4.627540423107377e-222,0.04520404303271042,-8236.493893364013,16476.987786728027,16487.24798374828,31290.327902646437,SR_Q_WOB,0.15391523824036454,0.927250446747278,sub36
