,conflict,congruency,hand,postError,block1,block2,block3,CONFLICT,CONGRUENCY,HAND,POSTeRROR,BLOCK1,BLOCK2,BLOCK3,rSquared,LLH,AIC,BIC,MSE,model,relevant,alpha,decay,alpha_error,ccc,alpha_ccc,subject
0,98.91680165835328,1.0827780125923212,2.2203130038243923,-16.497653127895116,341.2035812902415,324.77070013409,333.5309317765506,8.488806846012282e-17,0.8164425667554172,0.6345534918517546,0.1784340392106214,1.2650472387451765e-226,3.4271734137996244e-210,1.9213868876577315e-223,0.06378127731022121,-7063.170973732174,14138.341947464349,14168.956943598996,6559.97335631532,SR_Q_D_E_alphaCCC_WOB,0.7642767548189865,0.6002838199495909,0.44731582047759777,0.8146234104552804,0.7781681272944762,0.1529982230726703,sub30
