,conflict,congruency,hand,postError,block1,block2,block3,CONFLICT,CONGRUENCY,HAND,POSTeRROR,BLOCK1,BLOCK2,BLOCK3,rSquared,LLH,AIC,BIC,MSE,model,relevant,alpha,subject
0,51.50953512724213,-9.450424374262097,-12.283264082931312,2.79965822605714,408.6984273672249,400.8006831068119,390.99422572946054,2.221565338775207e-14,0.164397596260789,0.029932832843090937,0.7856897121334934,1.1011746378640128e-278,0.0,4.050699909416507e-261,0.06534307365498704,-6906.679807043516,13817.359614087032,13827.463325332945,9152.127519972317,SR_Q_WOB,1.0,0.7997893084511931,sub11
