,conflict,congruency,hand,postError,block1,block2,block3,CONFLICT,CONGRUENCY,HAND,POSTeRROR,BLOCK1,BLOCK2,BLOCK3,rSquared,LLH,AIC,BIC,MSE,model,relevant,alpha,decay,subject
0,91.35088962669364,0.8983241215721782,1.8920207774614277,-20.871208486298492,342.1076115264017,325.6304633902376,334.36609185068465,1.1311089862085234e-16,0.8473303378268903,0.685539160461879,0.08856604669756951,1.2059728918540261e-229,6.544479060949296e-213,3.485808405273292e-226,0.06334226643447027,-7063.455775338829,14132.911550677658,14148.219048744983,6563.049453362156,SR_Q_D_WOB,0.8455387062651288,0.6102613423074782,0.49405054449459723,sub30
