,conflict,congruency,hand,postError,block1,block2,block3,CONFLICT,CONGRUENCY,HAND,POSTeRROR,BLOCK1,BLOCK2,BLOCK3,rSquared,LLH,AIC,BIC,MSE,model,relevant,alpha,decay,alpha_error,ccc,alpha_ccc,subject
0,148.25882069488188,-1.5170865171830723,-16.297266754897265,15.190812826724247,385.91750627341935,373.1320464523109,345.7149949983883,7.713289542201559e-20,0.7084975546837324,6.222880229599623e-05,0.2683318358902245,8.780781066080229e-282,3.240656853481418e-271,3.247317265526373e-250,0.1261383442125099,-7092.093533508869,14196.187067017738,14226.958042691818,5098.857348779293,SR_Q_D_E_alphaCCC_WOB,0.4580955652384561,0.6288691361025412,0.4874447144404358,0.32939770601702617,0.7572782114668221,0.25712034882004714,sub28
