,conflict,congruency,hand,postError,block1,block2,block3,CONFLICT,CONGRUENCY,HAND,POSTeRROR,BLOCK1,BLOCK2,BLOCK3,rSquared,LLH,AIC,BIC,MSE,model,relevant,alpha,decay,subject
0,110.3521615482136,0.26715853894064756,18.531705120732838,39.37999202643864,363.6926400747237,416.057500811174,409.9953418592773,0.000990611942045382,0.9694832758815892,0.0016772375738069434,0.0038074498371003184,1.4311546464242896e-105,1.4039841441347492e-156,3.535240357370729e-131,0.07341018485516937,-7180.949335376626,14367.898670753251,14383.143796511567,10208.1872205586,SR_Q_D_WOB,0.34623483355650686,0.2859639924549139,0.17769580773717208,sub42
