,conflict,congruency,hand,postError,block1,block2,block3,CONFLICT,CONGRUENCY,HAND,POSTeRROR,BLOCK1,BLOCK2,BLOCK3,rSquared,LLH,AIC,BIC,MSE,model,relevant,alpha,subject
0,31.322227144842202,-0.9665784827253106,4.342046403707306,-16.462937005173146,410.3860489647188,377.9381921050471,376.1663747945312,8.22672783674976e-14,0.8330023465933916,0.2671999591419126,0.15820889834704313,0.0,0.0,0.0,0.092834361194155,-6985.205365423285,13974.41073084657,13984.651619591355,4702.769508204896,SR_Q_WOB,1.0,0.9802113950594633,sub47
