,conflict,congruency,hand,postError,block1,block2,block3,CONFLICT,CONGRUENCY,HAND,POSTeRROR,BLOCK1,BLOCK2,BLOCK3,rSquared,LLH,AIC,BIC,MSE,model,relevant,alpha,decay,alpha_error,ccc,alpha_ccc,subject
0,139.50408260489735,11.1324329431249,20.138156025419228,-8.119711208518293,293.4528437542891,280.8925490064721,307.0406895420788,6.417466433016319e-29,0.03400592447995633,6.753478736305733e-06,0.5645276933803055,9.997431001034595e-228,1.2825908418657446e-189,5.7975318206679376e-238,0.12789014677343558,-7195.223260644145,14402.44652128829,14433.207866141682,6128.5564815192565,SR_Q_D_E_alphaCCC_WOB,0.6454579181968315,0.4744466892373956,0.7699334861412211,0.0001,0.25513618530626625,0.6031948780801892,sub33
