,conflict,congruency,hand,postError,block1,block2,block3,CONFLICT,CONGRUENCY,HAND,POSTeRROR,BLOCK1,BLOCK2,BLOCK3,rSquared,LLH,AIC,BIC,MSE,model,relevant,alpha,decay,subject
0,99.07680018672104,15.563193442164545,9.368177633452438,-28.14527972353204,323.13699092933996,332.6383243021819,333.20731709254295,3.977858846817209e-14,0.007506364300213355,0.05268813632622933,0.011115105161437459,1.3809396950733348e-180,3.563758773276157e-164,5.917647769098604e-182,0.07634377728496167,-6856.513506272972,13719.027012545945,13734.23663493132,6787.650853285164,SR_Q_D_WOB,1.0,0.34689713742885175,0.45283164327837877,sub38
