,conflict,congruency,hand,postError,block1,block2,block3,CONFLICT,CONGRUENCY,HAND,POSTeRROR,BLOCK1,BLOCK2,BLOCK3,rSquared,LLH,AIC,BIC,MSE,model,relevant,alpha,subject
0,1095.99942776959,8.78118590187129,-2.554715321531038,23.95906416002778,405.56539731803457,416.7520613680063,400.5105725748575,3.850583493180154e-17,0.11258966636453803,0.5924455757028371,0.2758815170860518,0.0,0.0,0.0,0.05972437217321047,-7344.887712643515,14693.77542528703,14704.045206990162,7094.841661734063,SR_Q_WOB,0.03307493685221372,0.9904079356000068,sub41
