,conflict,congruency,hand,postError,block1,block2,block3,CONFLICT,CONGRUENCY,HAND,POSTeRROR,BLOCK1,BLOCK2,BLOCK3,rSquared,LLH,AIC,BIC,MSE,model,relevant,alpha,decay,alpha_error,ccc,alpha_ccc,subject
0,89.85187095994992,32.641160321938784,14.598291625459712,23.646923029231296,303.9799604350111,288.8331757446915,342.7091515851707,4.448264796783759e-25,1.1860664283231688e-07,0.004774395748772279,0.07975663507331401,1.104424707885579e-236,2.421116211741422e-181,3.1823577235121506e-277,0.1470956992079261,-7244.671977714528,14501.343955429056,14532.00323220749,8101.6436804097275,SR_Q_D_E_alphaCCC_WOB,1.0,1.0,0.8022348360657271,1.0,0.08414818579645567,0.7516574249664376,sub16
