,conflict,congruency,hand,postError,block1,block2,block3,CONFLICT,CONGRUENCY,HAND,POSTeRROR,BLOCK1,BLOCK2,BLOCK3,rSquared,LLH,AIC,BIC,MSE,model,relevant,alpha,decay,alpha_error,ccc,alpha_ccc,subject
0,42.65156036605235,2.1569147509735362,-10.632050451854496,-4.6297217721500985,343.36180587351726,329.51892415235574,357.2745562813395,3.720997021164705e-05,0.4772386547615588,0.0004761407733230898,0.5999663267311801,5.085776986502033e-276,2.903590784671082e-262,1.717596606131566e-284,0.06565636338316805,-6711.816085676206,13435.632171352412,13466.388694992207,2843.5940339398435,SR_Q_D_E_alphaCCC_WOB,0.8210581316509762,0.814239501211365,1.0,0.8807291133812107,0.6605289119828356,0.3276563562932944,sub25
