,conflict,congruency,hand,postError,block1,block2,block3,CONFLICT,CONGRUENCY,HAND,POSTeRROR,BLOCK1,BLOCK2,BLOCK3,rSquared,LLH,AIC,BIC,MSE,model,relevant,alpha,subject
0,29.359953755489556,-13.53612061556601,7.576663552036073,28.737168466730964,478.48167012684104,497.0393193807468,484.76558023426765,6.786264005181019e-05,0.05829291741755929,0.2140560275727262,0.18727093785700735,2.13185337e-315,0.0,3.55925e-319,0.02919688003991494,-7611.499167216651,15226.998334433301,15237.258531453552,11501.952936363525,SR_Q_WOB,1.0,0.7419058952922526,sub46
