,conflict,congruency,hand,postError,block1,block2,block3,CONFLICT,CONGRUENCY,HAND,POSTeRROR,BLOCK1,BLOCK2,BLOCK3,rSquared,LLH,AIC,BIC,MSE,model,relevant,alpha,subject
0,38.55044117930786,-5.758942781893708,-6.19813930941238,84.9231629450346,388.2598680738694,376.9271510818108,366.3512398208375,5.486817555736643e-28,0.10845902969039004,0.042779795671891566,1.0275072322304013e-06,0.0,0.0,0.0,0.1338350280825482,-6869.3872999981995,13742.774599996399,13753.066568931828,2947.11044519963,SR_Q_WOB,1.0,0.864276643401715,sub02
