,conflict,congruency,hand,postError,block1,block2,block3,CONFLICT,CONGRUENCY,HAND,POSTeRROR,BLOCK1,BLOCK2,BLOCK3,rSquared,LLH,AIC,BIC,MSE,model,relevant,alpha,decay,alpha_error,subject
0,72.64719255828443,9.463863871084598,31.525226507935137,11.73723869195311,307.5986409838025,313.8206756755176,305.20173456176786,1.3981851656763044e-28,0.002713264822891839,9.921483896128252e-23,0.35302260165656485,0.0,0.0,0.0,0.16082484475914471,-6883.5945092303955,13775.189018460791,13795.760328065437,3119.0267962555395,SR_Q_D_E_WOB,1.0,0.6513866802261332,0.7839778331151681,0.3063859353251627,sub32
