,conflict,congruency,hand,postError,block1,block2,block3,CONFLICT,CONGRUENCY,HAND,POSTeRROR,BLOCK1,BLOCK2,BLOCK3,rSquared,LLH,AIC,BIC,MSE,model,relevant,alpha,decay,alpha_error,ccc,alpha_ccc,subject
0,185.84535548075974,4.4028664745549655,34.56269769831814,22.075799802192762,277.3294299094706,262.26576920616264,238.2478034551586,3.6206464978315015e-78,0.35370617237254476,5.823968897142195e-17,0.12871463768848357,1.055509910291978e-241,4.521278489841188e-199,2.9017617684245954e-195,0.3042124934394068,-7084.226486000238,14180.452972000476,14211.214316853868,5127.668980365756,SR_Q_D_E_alphaCCC_WOB,0.7998197937162659,0.5965670982527667,0.9443726377679383,0.48614086588659916,0.6712931381176558,0.7396604757189963,sub39
