,conflict,congruency,hand,postError,block1,block2,block3,CONFLICT,CONGRUENCY,HAND,POSTeRROR,BLOCK1,BLOCK2,BLOCK3,rSquared,LLH,AIC,BIC,MSE,model,relevant,alpha,decay,subject
0,77.00671716418093,3.340576287017501,19.201016298244127,69.1773162080385,376.0113753010577,407.1298071439789,398.60031285818036,3.219220868741508e-14,0.5841667926424792,0.0001970789058396803,0.00013688892141417821,2.3087195743544594e-215,1.3708879534209093e-286,2.6610410222670664e-233,0.08641082015218038,-7432.39488095838,14870.78976191676,14886.192043080338,8233.959348289543,SR_Q_D_WOB,1.0,0.530093696818519,0.3587124385460167,sub44
