,conflict,congruency,hand,postError,block1,block2,block3,CONFLICT,CONGRUENCY,HAND,POSTeRROR,BLOCK1,BLOCK2,BLOCK3,rSquared,LLH,AIC,BIC,MSE,model,relevant,alpha,subject
0,50.87747578008151,-0.5599651769059264,-13.962661725208996,17.875378854940337,390.43966526185574,391.4019232772494,404.73176903960314,3.0986246567475865e-11,0.8983282334309679,0.0014690768834113698,0.307440978096324,0.0,0.0,0.0,0.04809069542349764,-7225.459591157439,14454.919182314878,14465.18577422467,5974.041496976411,SR_Q_WOB,0.9408639042213931,0.534213483559672,sub22
