,conflict,congruency,hand,postError,block1,block2,block3,CONFLICT,CONGRUENCY,HAND,POSTeRROR,BLOCK1,BLOCK2,BLOCK3,rSquared,LLH,AIC,BIC,MSE,model,relevant,alpha,decay,alpha_error,subject
0,71.9897629192877,9.695081942179025,9.761416138062918,30.66779358836709,361.4563457342089,344.9811167835386,350.4088519887589,4.6421594873883925e-23,0.0044978326795339545,0.004260344100460204,0.00689602554154289,0.0,0.0,0.0,0.10270092951664789,-6892.565589205126,13793.131178410253,13813.654773731438,3605.543770898836,SR_Q_D_E_WOB,0.8002806456543508,0.719352453031175,0.40972188763935136,0.28686421514262095,sub21
