,conflict,congruency,hand,postError,block1,block2,block3,CONFLICT,CONGRUENCY,HAND,POSTeRROR,BLOCK1,BLOCK2,BLOCK3,rSquared,LLH,AIC,BIC,MSE,model,relevant,alpha,decay,alpha_error,ccc,alpha_ccc,subject
0,192.02997143580203,-12.428691769089246,7.163603661502723,27.54845383840906,405.05847154049917,423.0038172755049,410.445608347502,2.6999161836244667e-08,0.07928560058707486,0.23724735919166928,0.20322752896539206,2.63402010747086e-93,2.127996628823605e-111,3.906371861558457e-94,0.040888531047949206,-7603.93248481394,15219.86496962788,15250.645560688634,11363.43172966579,SR_Q_D_E_alphaCCC_WOB,0.4922360861836385,0.3332307165256505,0.5859682527367472,0.0001,0.7660621683951168,0.3128526526430416,sub46
