,conflict,congruency,hand,postError,block1,block2,block3,CONFLICT,CONGRUENCY,HAND,POSTeRROR,BLOCK1,BLOCK2,BLOCK3,rSquared,LLH,AIC,BIC,MSE,model,relevant,alpha,decay,ccc,alpha_ccc,subject
0,57.67958443960687,-0.25926762781467483,12.11151089374886,10.404322284235205,327.2854536327314,327.4898156895198,332.17113454089156,1.8172216172960843e-22,0.9337938511105879,0.00010887577595243183,0.47147825488972417,0.0,0.0,0.0,0.08474696720484709,-6847.8071883346,13705.6143766692,13731.312678349024,3050.431634155987,SR_Q_D_alphaCCC_WOB,1.0,0.41476597804333115,0.9354774144194021,0.25791393786685046,0.7373554239990954,sub06
