,conflict,congruency,hand,postError,block1,block2,block3,CONFLICT,CONGRUENCY,HAND,POSTeRROR,BLOCK1,BLOCK2,BLOCK3,rSquared,LLH,AIC,BIC,MSE,model,relevant,alpha,decay,subject
0,163.0789446625482,3.963917520869636,34.71995114466194,23.744904411860603,286.31862339787426,270.9885535944511,247.48226353552758,6.42943688970001e-77,0.40499288030327396,5.000693328079852e-17,0.10302321911261579,3.498352096256363e-267,1.810911400146154e-218,7.774637102719661e-220,0.30097929950329516,-7087.112426619004,14180.224853238007,14195.605525664703,5151.496296275146,SR_Q_D_WOB,0.8669319245779155,0.6739691670036708,0.9731178602002987,sub39
