,conflict,congruency,hand,postError,block1,block2,block3,CONFLICT,CONGRUENCY,HAND,POSTeRROR,BLOCK1,BLOCK2,BLOCK3,rSquared,LLH,AIC,BIC,MSE,model,relevant,alpha,decay,subject
0,148.26909361674916,-1.5056306453587125,-16.233920029284334,18.730211113811066,386.1076785658455,373.1582677263206,345.69501775398226,9.328768686727285e-20,0.7106402425223545,6.6590567706399e-05,0.17205948138632865,4.1585777254873365e-282,8.94302896378339e-271,1.3571148892824244e-249,0.12587330030680333,-7092.282613574485,14190.56522714897,14205.950714986011,5100.403841931116,SR_Q_D_WOB,0.4555159922985586,0.6267488293903893,0.4924152168023503,sub28
