,conflict,congruency,hand,postError,block1,block2,block3,CONFLICT,CONGRUENCY,HAND,POSTeRROR,BLOCK1,BLOCK2,BLOCK3,rSquared,LLH,AIC,BIC,MSE,model,relevant,alpha,subject
0,32.24880195738414,30.257588406511495,5.45349633937116,34.75413952870398,339.6786418680326,342.367331374977,349.7353340301332,0.004331561997946042,4.212015616037452e-06,0.4047773381337122,0.015522810813926226,1.262634622788482e-157,1.5954688377874126e-164,7.249249937625559e-173,0.030572817098944438,-7076.671630669599,14157.343261339198,14167.44697258511,12284.576153677892,SR_Q_WOB,1.0,0.4679540915315132,sub08
