,conflict,congruency,hand,postError,block1,block2,block3,CONFLICT,CONGRUENCY,HAND,POSTeRROR,BLOCK1,BLOCK2,BLOCK3,rSquared,LLH,AIC,BIC,MSE,model,relevant,alpha,decay,alpha_error,ccc,alpha_ccc,subject
0,372.1589062224977,-5.964717226962863,17.098738280791892,34.06108970493321,263.0447031480394,262.98893345400586,307.0550715942829,6.616684433208278e-26,0.35251935548896307,0.0018041321454453604,0.08704857122931646,6.481213620749456e-54,3.7121919464839566e-59,2.6265151956902052e-70,0.12955252328394662,-7444.5254129543155,14901.050825908631,14931.807349548426,9235.53024719779,SR_Q_D_E_alphaCCC_WOB,0.3855722434059507,0.0001,0.9280878959519863,0.909028418904288,0.08456737348779253,0.37564195863666794,sub48
