,conflict,congruency,hand,postError,block1,block2,block3,CONFLICT,CONGRUENCY,HAND,POSTeRROR,BLOCK1,BLOCK2,BLOCK3,rSquared,LLH,AIC,BIC,MSE,model,relevant,alpha,decay,alpha_error,subject
0,93.72669461370792,-9.199385030781126,-12.482693545743599,-5.777030667788949,375.69508974818444,367.42098640099965,359.1040547136246,7.266440395810455e-25,0.16421162877478684,0.02429257800159884,0.5678410578821318,3.1525583359075495e-217,2.122526063199416e-265,2.868100804063997e-204,0.10340163438147043,-6882.67224881117,13773.34449762234,13793.551920114163,8779.459441260855,SR_Q_D_E_WOB,1.0,0.7562314390996622,0.7221621488082296,0.578704406437491,sub11
