,conflict,congruency,hand,postError,block1,block2,block3,CONFLICT,CONGRUENCY,HAND,POSTeRROR,BLOCK1,BLOCK2,BLOCK3,rSquared,LLH,AIC,BIC,MSE,model,relevant,alpha,decay,alpha_error,subject
0,79.11115208348792,-0.08856373162067044,5.8110867334440846,-15.916384559750057,370.5871771628159,338.85584341004306,336.022494541685,7.217685986080883e-28,0.9841109755534496,0.12784800757391415,0.16125549672718045,8.238175603454e-311,0.0,2.37274690036897e-279,0.13883886160184422,-6953.016512236173,13914.033024472346,13934.514801961916,4464.281019992011,SR_Q_D_E_WOB,1.0,0.6736919896366154,1.0,0.6689275886746937,sub47
