,conflict,congruency,hand,postError,block1,block2,block3,CONFLICT,CONGRUENCY,HAND,POSTeRROR,BLOCK1,BLOCK2,BLOCK3,rSquared,LLH,AIC,BIC,MSE,model,relevant,alpha,decay,alpha_error,ccc,alpha_ccc,subject
0,104.88769965672722,14.781190837266701,-15.703499313419954,7.8519832031064425,424.0491368899251,410.44257872840404,404.24981381935254,1.6148105491755347e-07,8.743756663053767e-05,3.0993508783268553e-05,0.7411672122531463,0.0,0.0,0.0,0.06229693990021379,-7106.051653644443,14224.103307288886,14254.960271695856,4433.68882371464,SR_Q_D_E_alphaCCC_WOB,0.2670646859177031,0.1077360918513693,0.27575162066702136,0.9388259515241327,0.02002857630587307,0.6642203124422666,sub05
