,conflict,congruency,hand,postError,block1,block2,block3,CONFLICT,CONGRUENCY,HAND,POSTeRROR,BLOCK1,BLOCK2,BLOCK3,rSquared,LLH,AIC,BIC,MSE,model,relevant,alpha,decay,alpha_error,subject
0,98.7602711139121,14.849292203559555,9.814312344843056,-28.54242383555311,324.1522238111711,333.4237973231091,333.72445292819157,2.638776124401045e-14,0.010881830324975169,0.04220162701789581,0.010025050357015165,7.1447053749907535e-186,1.1814193001992904e-167,2.8473769444527793e-185,0.07698168492488378,-6856.107273664553,13720.214547329106,13740.49404384294,6782.963076350545,SR_Q_D_E_WOB,1.0,0.3446348162558973,0.4081965001050058,0.13488909137796404,sub38
