,conflict,congruency,hand,postError,block1,block2,block3,CONFLICT,CONGRUENCY,HAND,POSTeRROR,BLOCK1,BLOCK2,BLOCK3,rSquared,LLH,AIC,BIC,MSE,model,relevant,alpha,decay,alpha_error,subject
0,56.5848161692189,-5.666900178196581,-4.935766239148753,79.97724024200144,371.0450089078151,359.62363416910614,348.7098972126639,4.7606771522062426e-35,0.10843139846884214,0.10238351573384802,3.130037322593584e-06,0.0,0.0,0.0,0.15572147700125105,-6853.14857610382,13714.29715220764,13734.881090078497,2872.642203804636,SR_Q_D_E_WOB,1.0,0.8756159776482849,0.7680095605119364,0.8828293007266445,sub02
