,conflict,congruency,hand,postError,block1,block2,block3,CONFLICT,CONGRUENCY,HAND,POSTeRROR,BLOCK1,BLOCK2,BLOCK3,rSquared,LLH,AIC,BIC,MSE,model,relevant,alpha,decay,alpha_error,subject
0,90.9501836310771,1.0093823298525244,2.220540989633947,-16.533518630228173,342.3201428807804,325.88771402078805,334.65060289676256,8.319656009881002e-17,0.8286848400459867,0.6345131236911352,0.17747911656273177,1.9929525203504765e-231,8.417953085965937e-215,3.000099392498236e-228,0.06381205582918359,-7063.151001628248,14134.302003256496,14154.712000679596,6559.757694889795,SR_Q_D_E_WOB,0.8402585633780864,0.6006912188220271,0.45746184706907567,0.82297798950252,sub30
