,conflict,congruency,hand,postError,block1,block2,block3,CONFLICT,CONGRUENCY,HAND,POSTeRROR,BLOCK1,BLOCK2,BLOCK3,rSquared,LLH,AIC,BIC,MSE,model,relevant,alpha,decay,alpha_error,ccc,alpha_ccc,subject
0,41.18143858638476,4.092869075293438,5.799740913402479,-14.508413109403246,302.79080598565326,318.0459684383445,313.5842156302815,5.886818300895524e-11,0.23696128728425764,0.049489126622968116,0.07303308306941503,0.0,0.0,0.0,0.04820987013224065,-6617.9036063587855,13247.807212717571,13278.515309944363,2665.2701665230243,SR_Q_D_E_alphaCCC_WOB,0.7339370465981623,0.7663537091729491,1.0,0.0001,0.7517417072601793,0.2186485450848218,sub17
