,conflict,congruency,hand,postError,block1,block2,block3,CONFLICT,CONGRUENCY,HAND,POSTeRROR,BLOCK1,BLOCK2,BLOCK3,rSquared,LLH,AIC,BIC,MSE,model,relevant,alpha,decay,alpha_error,ccc,alpha_ccc,subject
0,94.2299785038766,-0.3276609210210424,18.650093148651216,42.279417205541144,371.20770663579293,423.80470659457785,417.81208692279114,0.000628492157589458,0.9624212201499218,0.0015614724073055304,0.0018959336779439673,1.1397430213105881e-139,9.721744548470007e-211,1.566586367145896e-172,0.07407176733568821,-7180.524355341361,14373.048710682722,14403.538962199356,10200.89860419174,SR_Q_D_E_alphaCCC_WOB,0.34851817021223547,0.33384889132177303,0.14555177956368295,0.6319569020858519,0.45460942618933653,0.41590460692461695,sub42
