,conflict,congruency,hand,postError,block1,block2,block3,CONFLICT,CONGRUENCY,HAND,POSTeRROR,BLOCK1,BLOCK2,BLOCK3,rSquared,LLH,AIC,BIC,MSE,model,relevant,alpha,subject
0,499.44028651571125,9.933141052614623,53.914121350493886,24.88662523485128,240.18662207796922,282.6979316938395,296.39958674568453,9.944673195831884e-06,0.11566593686408484,3.9046991564836884e-17,0.14263647915910638,3.29364191521356e-10,5.899956965009063e-14,6.673860038558653e-15,0.11144571457445407,-7503.533687333786,15011.067374667571,15021.290398900563,12122.248843790194,SR_Q_WOB,0.18475643782695386,0.12840551063902053,sub07
