,conflict,congruency,hand,postError,block1,block2,block3,CONFLICT,CONGRUENCY,HAND,POSTeRROR,BLOCK1,BLOCK2,BLOCK3,rSquared,LLH,AIC,BIC,MSE,model,relevant,alpha,subject
0,123.5513067246601,-0.018655099215889592,-4.038770703649838,-3.035745076875802,402.88965536224487,440.10845814535264,406.1315776826185,2.1239366946410026e-05,0.9981637187059091,0.5566343147374234,0.8314035358964968,4.627387146784987e-167,4.66325960861494e-232,1.2552801166108577e-166,0.035293670260803434,-7250.8518759858525,14505.703751971705,14515.838391669013,13698.50159525553,SR_Q_WOB,0.25924714140533534,0.3171589425205927,sub18
