,conflict,congruency,hand,postError,block1,block2,block3,CONFLICT,CONGRUENCY,HAND,POSTeRROR,BLOCK1,BLOCK2,BLOCK3,rSquared,LLH,AIC,BIC,MSE,model,relevant,alpha,decay,subject
0,29.949162705042262,11.59887607002194,-3.6955450421712968,16.84823227410328,287.5335206188389,290.7556681690571,288.3623336439656,1.304544334531282e-24,9.85427993070968e-09,0.06621684417303844,0.05320207813350957,0.0,0.0,0.0,0.11104083222442418,-6265.241112771416,12536.482225542832,12551.889287583916,1259.690734245259,SR_Q_D_WOB,1.0,0.9070767326531618,0.6216509016199753,sub29
