,conflict,congruency,hand,postError,block1,block2,block3,CONFLICT,CONGRUENCY,HAND,POSTeRROR,BLOCK1,BLOCK2,BLOCK3,rSquared,LLH,AIC,BIC,MSE,model,relevant,alpha,decay,subject
0,2957.6291352563926,9.702314859204174,54.576818096133884,22.673428767731934,-429.9794904707097,-386.90048499289657,-372.67368798586546,8.443299470036452e-07,0.12368398721314008,1.4038439377042105e-17,0.1808623572300352,0.011028500446086381,0.02156361200802573,0.027054837668934767,0.11488964868451845,-7501.153153585876,15008.306307171752,15023.64084352124,12075.26440291974,SR_Q_D_WOB,0.06912925251203422,0.07003665727904308,0.13642570961626027,sub07
