,conflict,congruency,hand,postError,block1,block2,block3,CONFLICT,CONGRUENCY,HAND,POSTeRROR,BLOCK1,BLOCK2,BLOCK3,rSquared,LLH,AIC,BIC,MSE,model,relevant,alpha,decay,alpha_error,subject
0,98.52820273359312,14.611693585337719,20.755835837296708,28.30699149427804,375.2856496164378,337.8310889883835,331.8900507739963,2.2011143858480497e-29,0.010155407904321298,0.00026400260336589896,0.1099374441920835,1.9896425029604168e-257,3.758985923227419e-226,2.780871375315384e-222,0.1417972938584483,-7503.750939499538,15015.501878999075,15036.012653796464,9963.333444138452,SR_Q_D_E_WOB,1.0,0.8897073177627539,0.906824369536257,0.20264655475188656,sub26
