,conflict,congruency,hand,postError,block1,block2,block3,CONFLICT,CONGRUENCY,HAND,POSTeRROR,BLOCK1,BLOCK2,BLOCK3,rSquared,LLH,AIC,BIC,MSE,model,relevant,alpha,decay,alpha_error,ccc,alpha_ccc,subject
0,4848.626913809883,10.69281938103379,55.862463723958726,28.485273976450316,-934.175368078336,-890.1067933093888,-877.3072042920222,1.8794436060932963e-07,0.08929536846812237,2.463130670760326e-18,0.09270165145625617,0.00026972009735056076,0.0004939214760245328,0.000608658591669085,0.1169931962111147,-7499.694567837232,15011.389135674464,15042.05820837344,12046.566407771452,SR_Q_D_E_alphaCCC_WOB,0.05467966314816565,0.04881465978295511,0.128185729554931,0.12151392988219782,0.8062535430029958,0.2801999570453286,sub07
