,conflict,congruency,hand,postError,block1,block2,block3,CONFLICT,CONGRUENCY,HAND,POSTeRROR,BLOCK1,BLOCK2,BLOCK3,rSquared,LLH,AIC,BIC,MSE,model,relevant,alpha,decay,subject
0,49.15271751035438,0.1711436935421975,13.51593209631245,11.972367959300035,306.39615952762125,292.97614740093627,284.3871106066915,4.0664975389269636e-27,0.9516012687918035,1.8425552847741453e-06,0.11595966529249746,0.0,0.0,0.0,0.13295591215301572,-6556.712991575502,13119.425983151004,13134.777599660498,2434.5200589912297,SR_Q_D_WOB,1.0,0.8479963676841525,0.6411243875573271,sub23
