,conflict,congruency,hand,postError,block1,block2,block3,CONFLICT,CONGRUENCY,HAND,POSTeRROR,BLOCK1,BLOCK2,BLOCK3,rSquared,LLH,AIC,BIC,MSE,model,relevant,alpha,decay,alpha_error,subject
0,889.1281201087336,1.180380802653687,41.635436014318174,-22.448465752693114,62.73576988052505,55.977784613391876,72.17463407955302,6.419637457986096e-08,0.8720108358423236,1.098453350417678e-11,0.027712848751448638,0.3044971831144369,0.35255994456575257,0.23710864768881337,0.06843674334075833,-6896.766436265496,13801.532872530992,13821.69151393044,10416.108687760117,SR_Q_D_E_WOB,0.24864683444711952,0.09357184559665174,0.4387456702292268,0.09356326689012562,sub19
