,conflict,congruency,hand,postError,block1,block2,block3,CONFLICT,CONGRUENCY,HAND,POSTeRROR,BLOCK1,BLOCK2,BLOCK3,rSquared,LLH,AIC,BIC,MSE,model,relevant,alpha,decay,alpha_error,subject
0,35.1838867354496,4.316663489634369,5.840592686512422,-14.087366527208776,300.8926963862336,316.2701629833567,311.5910032225393,3.329964329582852e-11,0.21254485205319348,0.047820036616666575,0.0813777426130622,0.0,0.0,0.0,0.04907465560944402,-6617.3427524808485,13242.685504961697,13263.157569779558,2662.84853289703,SR_Q_D_E_WOB,1.0,0.6889027264504792,1.0,0.0001,sub17
