,conflict,congruency,hand,postError,block1,block2,block3,CONFLICT,CONGRUENCY,HAND,POSTeRROR,BLOCK1,BLOCK2,BLOCK3,rSquared,LLH,AIC,BIC,MSE,model,relevant,alpha,subject
0,35.843606549337046,-2.830780897764778,12.346975648822749,44.61403207793452,372.79849743335575,378.2111989655866,383.3801396587798,1.1868496374439758e-14,0.4992237112451865,0.000518562647540097,1.2261741045109728e-05,0.0,0.0,0.0,0.07619532643732962,-6832.048203061855,13668.09640612371,13678.329194411897,3839.5493281124145,SR_Q_WOB,0.9432491631029898,0.703694602031487,sub45
