,conflict,congruency,hand,postError,block1,block2,block3,CONFLICT,CONGRUENCY,HAND,POSTeRROR,BLOCK1,BLOCK2,BLOCK3,rSquared,LLH,AIC,BIC,MSE,model,relevant,alpha,subject
0,43.954593692333184,2.9428728893721754,18.620195256228996,75.61800228445492,402.61504472793337,434.4074086310983,425.21319776049074,3.121062375222152e-11,0.6322616722273584,0.0003279643965033184,3.294608387418517e-05,5.185657308062933e-305,0.0,0.0,0.07646536645819935,-7439.18360182674,14882.36720365348,14892.635391095866,8323.595328249572,SR_Q_WOB,1.0,0.6465582901332757,sub44
