,conflict,congruency,hand,postError,block1,block2,block3,CONFLICT,CONGRUENCY,HAND,POSTeRROR,BLOCK1,BLOCK2,BLOCK3,rSquared,LLH,AIC,BIC,MSE,model,relevant,alpha,decay,subject
0,104.8634252530879,14.781118577180473,-15.704065972355604,7.853119597743926,424.06795136297285,410.46164562717655,404.2687567969886,1.6152295048291271e-07,8.744479320386432e-05,3.0973164790898724e-05,0.7411310390278409,0.0,0.0,0.0,0.06229656580083276,-7106.051905982119,14218.103811964238,14233.532294167722,4433.690592547782,SR_Q_D_WOB,0.26699534056211666,0.6645288564973846,0.2756878673945247,sub05
