,conflict,congruency,hand,postError,block1,block2,block3,CONFLICT,CONGRUENCY,HAND,POSTeRROR,BLOCK1,BLOCK2,BLOCK3,rSquared,LLH,AIC,BIC,MSE,model,relevant,alpha,decay,alpha_error,ccc,alpha_ccc,subject
0,79.3791578071007,-0.08549766069294407,5.81064467877278,-15.870272367966162,370.37292734593234,338.641366310698,335.7979860221586,6.968552587330346e-28,0.9846606002760212,0.1278658817141048,0.1624568001793046,5.6146751687711e-310,0.0,1.7077736284753858e-278,0.1388876657556115,-6952.981459302255,13917.96291860451,13948.685584838864,4464.028018030306,SR_Q_D_E_alphaCCC_WOB,1.0,1.0,1.0,0.0001,0.0832371692729279,0.670583734011765,sub47
