,conflict,congruency,hand,postError,block1,block2,block3,CONFLICT,CONGRUENCY,HAND,POSTeRROR,BLOCK1,BLOCK2,BLOCK3,rSquared,LLH,AIC,BIC,MSE,model,relevant,alpha,decay,alpha_error,ccc,alpha_ccc,subject
0,54.94783486043525,0.1481314754945795,13.64169279003999,11.05923688209225,301.57545815162024,288.2760399156489,279.6209769010046,7.9445589726050675e-28,0.9580474734754634,1.43618048057165e-06,0.1460136795765294,0.0,0.0,0.0,0.13524428907609087,-6555.083721038361,13122.167442076721,13152.870675095708,2428.0946652909984,SR_Q_D_E_alphaCCC_WOB,1.0,1.0,0.767879067153097,0.0001,0.36265023227167925,0.7742287764776481,sub23
