,conflict,congruency,hand,postError,block1,block2,block3,CONFLICT,CONGRUENCY,HAND,POSTeRROR,BLOCK1,BLOCK2,BLOCK3,rSquared,LLH,AIC,BIC,MSE,model,relevant,alpha,subject
0,44.01001648057084,14.93138509685561,-15.918989207332793,8.563026920665365,436.13183617010645,422.0743551866419,415.8806424293281,1.953881404685979e-05,7.871826769558652e-05,2.579516544764467e-05,0.719728655179152,0.0,0.0,0.0,0.05540168620414887,-7110.685627280497,14225.371254560994,14235.656909363317,4466.291265308079,SR_Q_WOB,0.5897377308093547,0.5344395565861132,sub05
