,conflict,congruency,hand,postError,block1,block2,block3,CONFLICT,CONGRUENCY,HAND,POSTeRROR,BLOCK1,BLOCK2,BLOCK3,rSquared,LLH,AIC,BIC,MSE,model,relevant,alpha,decay,alpha_error,ccc,alpha_ccc,subject
0,128.46611702281018,-10.248114360706357,-10.066983388388898,23.250074590210893,335.793515713385,340.3224568084472,324.33532470969044,2.5872458314485565e-41,0.022007663671040574,0.008210327493063352,0.07665603717919801,3.8655842728042404e-228,3.694611144455517e-267,5.721373654450301e-220,0.16608300237881446,-7035.985818170192,14083.971636340384,14114.761827403185,4494.912046717213,SR_Q_D_E_alphaCCC_WOB,1.0,0.15415707997984976,0.7867678342900551,0.943231745156862,0.5879504547627022,0.5327411175866444,sub09
