,conflict,congruency,hand,postError,block1,block2,block3,CONFLICT,CONGRUENCY,HAND,POSTeRROR,BLOCK1,BLOCK2,BLOCK3,rSquared,LLH,AIC,BIC,MSE,model,relevant,alpha,decay,alpha_error,subject
0,134.5498936033244,9.981820172445515,-2.8158890003667985,28.299191705480098,351.407892556246,363.8202468234409,345.2726752900355,8.586957179446312e-30,0.06471185530456242,0.5459701335827998,0.18799153039926497,1.796125880129236e-220,9.511483640415515e-272,2.7999080410267976e-213,0.10220914729846009,-7315.874675573204,14639.749351146407,14660.288914552671,6774.273156470637,SR_Q_D_E_WOB,0.7645618208837947,0.5638929708820295,0.6735595393344991,0.6822403643116087,sub41
