,conflict,congruency,hand,postError,block1,block2,block3,CONFLICT,CONGRUENCY,HAND,POSTeRROR,BLOCK1,BLOCK2,BLOCK3,rSquared,LLH,AIC,BIC,MSE,model,relevant,alpha,subject
0,45.86278678219674,13.340023309715445,23.330679997008687,49.636523050726424,379.4143158602877,381.41681936557654,375.9962995442762,1.5161113593186167e-16,0.019606661338255348,1.7775247833067862e-06,0.0030430152452487497,0.0,0.0,0.0,0.08805805752043294,-7330.375442179096,14664.750884358193,14675.011081378443,7332.8096807883285,SR_Q_WOB,1.0,0.8606720801209727,sub35
