,conflict,congruency,hand,postError,block1,block2,block3,CONFLICT,CONGRUENCY,HAND,POSTeRROR,BLOCK1,BLOCK2,BLOCK3,rSquared,LLH,AIC,BIC,MSE,model,relevant,alpha,decay,subject
0,481.31410427414966,-10.135692356101739,10.909730970026319,-2.055368801487384,315.5308955929649,336.1431710231479,296.0612865429694,1.2873957892495208e-26,0.3706098096699476,0.2644490786309891,0.962315697363493,2.6579287678017587e-52,2.730286355453817e-51,1.1921920990496085e-45,0.09537310408060962,-8202.786461502195,16411.57292300439,16426.96321853477,29646.200317795654,SR_Q_D_WOB,0.41187911469523547,0.4635304769677205,0.9967378099829977,sub36
