,conflict,congruency,hand,postError,block1,block2,block3,CONFLICT,CONGRUENCY,HAND,POSTeRROR,BLOCK1,BLOCK2,BLOCK3,rSquared,LLH,AIC,BIC,MSE,model,relevant,alpha,subject
0,9.249221231839838,2.0390743902217774,-10.185765071634869,-4.27212313142136,364.1966017860602,350.3999262355235,378.4067305516479,0.0695421645008319,0.5039862613207833,0.0008636856616045322,0.6305108721533158,0.0,0.0,0.0,0.055235249253979046,-6718.715101704396,13441.430203408792,13451.68237795539,2875.3097932610813,SR_Q_WOB,0.9772241715378334,0.5706658526230022,sub25
