,conflict,congruency,hand,postError,block1,block2,block3,CONFLICT,CONGRUENCY,HAND,POSTeRROR,BLOCK1,BLOCK2,BLOCK3,rSquared,LLH,AIC,BIC,MSE,model,relevant,alpha,subject
0,56.72918458164061,20.01918522342499,3.8338567332319897,15.585547733614987,397.1594515095924,405.86645353271496,391.72419272299226,1.5718366229373541e-21,0.0003325882868279932,0.4908479972449411,0.45286467118002505,0.0,0.0,0.0,0.08365303460577156,-7544.559017892232,15093.118035784464,15103.389410478521,9660.02913234953,SR_Q_WOB,1.0,0.9512012468504069,sub27
