,conflict,congruency,hand,postError,block1,block2,block3,CONFLICT,CONGRUENCY,HAND,POSTeRROR,BLOCK1,BLOCK2,BLOCK3,rSquared,LLH,AIC,BIC,MSE,model,relevant,alpha,decay,subject
0,74.18428963803508,-2.774718904400629,11.718419442079021,41.918170392755684,342.4195604631203,346.5837635109973,352.21301208551176,8.775611547961897e-26,0.49623932375532476,0.0007713959732451637,2.69609564591284e-05,1.684961043428304e-308,0.0,9.095e-320,0.11363476284416285,-6806.563322204641,13619.126644409282,13634.475826841563,3683.9422317049075,SR_Q_D_WOB,1.0,0.5530401346368196,0.751339096854703,sub45
