,conflict,congruency,hand,postError,block1,block2,block3,CONFLICT,CONGRUENCY,HAND,POSTeRROR,BLOCK1,BLOCK2,BLOCK3,rSquared,LLH,AIC,BIC,MSE,model,relevant,alpha,decay,ccc,alpha_ccc,subject
0,112.67231274646025,-9.212896383708276,-11.91276533813053,-3.2721585273482012,360.0776971698287,352.126551698595,343.70532597311706,2.9148749707557543e-25,0.16318586106232263,0.03144789507121835,0.7457012321525677,3.2283158443952582e-180,4.189710189388769e-216,4.9035023590005636e-169,0.10481494952179315,-6881.761212738984,13773.522425477968,13798.781703592747,8765.620309416518,SR_Q_D_alphaCCC_WOB,1.0,0.24406932374749668,0.7258092195117665,0.46856235181396777,0.6586947796905129,sub11
