,conflict,congruency,hand,postError,block1,block2,block3,CONFLICT,CONGRUENCY,HAND,POSTeRROR,BLOCK1,BLOCK2,BLOCK3,rSquared,LLH,AIC,BIC,MSE,model,relevant,alpha,subject
0,252.967670593148,-6.2437021835231725,25.37330901915373,-6.218253686544124,369.16561271631815,355.11380641898336,358.6570727266944,2.8291847858659147e-06,0.21165392936781635,3.4201978579198197e-09,0.6766477183847961,0.0,0.0,0.0,0.05216858205592456,-7091.428303960033,14186.856607920066,14197.097496664852,5583.938876961839,SR_Q_WOB,0.06988861824436989,0.9665981740449545,sub12
