,conflict,congruency,hand,postError,block1,block2,block3,CONFLICT,CONGRUENCY,HAND,POSTeRROR,BLOCK1,BLOCK2,BLOCK3,rSquared,LLH,AIC,BIC,MSE,model,relevant,alpha,subject
0,35.08522078056454,19.177932538049504,4.773720462189018,20.59156170305716,346.675665902709,361.3824631965691,369.38673533510774,1.211796701334694e-25,2.1057597836436245e-09,0.07824248934894533,0.12622895186249217,0.0,0.0,0.0,0.1640442832314285,-6674.404726706977,13352.809453413955,13363.090359500156,2297.6139777009926,SR_Q_WOB,0.9185373192875324,0.8960115545828322,sub01
