,conflict,congruency,hand,postError,block1,block2,block3,CONFLICT,CONGRUENCY,HAND,POSTeRROR,BLOCK1,BLOCK2,BLOCK3,rSquared,LLH,AIC,BIC,MSE,model,relevant,alpha,decay,subject
0,114.46993268723185,18.631208692251747,36.7119742859693,11.66295903718391,335.79301005712875,333.12513203405325,344.6562560011779,9.262305035988886e-06,9.463930760374517e-05,2.8304059576148146e-19,0.28254063519506023,1.2205828852343524e-233,1.6324204155846552e-213,3.038537129205779e-238,0.0997804992159419,-6938.786627525422,13883.573255050844,13898.902893440061,4914.815923391016,SR_Q_D_WOB,0.230877928685396,0.23372300182588238,0.053699687574994236,sub04
