,conflict,congruency,hand,postError,block1,block2,block3,CONFLICT,CONGRUENCY,HAND,POSTeRROR,BLOCK1,BLOCK2,BLOCK3,rSquared,LLH,AIC,BIC,MSE,model,relevant,alpha,decay,alpha_error,ccc,alpha_ccc,subject
0,189.08987392441563,8.088947784124962,13.636718535573067,65.02344205802123,350.16652350428126,344.1486394209578,323.18184826962863,2.009478596967287e-15,0.12503597338049063,0.0026755591692896722,0.034202374954415735,4.57007774885323e-183,3.4854871020970883e-202,1.151498119928969e-162,0.07689784136111433,-7381.17263363056,14774.34526726112,14805.230622888257,6482.563893620006,SR_Q_D_E_alphaCCC_WOB,0.29986368155155463,0.509246641080372,0.4457919784847875,0.575910599185091,0.4021547226518505,0.10538717814358985,sub10
