,conflict,congruency,hand,postError,block1,block2,block3,CONFLICT,CONGRUENCY,HAND,POSTeRROR,BLOCK1,BLOCK2,BLOCK3,rSquared,LLH,AIC,BIC,MSE,model,relevant,alpha,decay,alpha_error,subject
0,83.92122924377342,3.2026492240509477,19.77689126607941,70.73504195612483,370.1412056268272,401.1051485240765,392.7854247397404,2.0568982487069564e-14,0.5994167609976555,0.00012638733812161282,9.493834919304649e-05,3.0989425082691346e-196,5.409420929394758e-259,1.367161861578941e-213,0.08705642744954145,-7431.951641392299,14871.903282784599,14892.43965766937,8228.140645136438,SR_Q_D_E_WOB,1.0,0.46998503095875216,0.3759501160387112,0.9461529882320487,sub44
