,conflict,congruency,hand,postError,block1,block2,block3,CONFLICT,CONGRUENCY,HAND,POSTeRROR,BLOCK1,BLOCK2,BLOCK3,rSquared,LLH,AIC,BIC,MSE,model,relevant,alpha,decay,ccc,alpha_ccc,subject
0,41.90965984457359,4.375653409645912,5.743084168249464,-12.79594463611205,295.36644847285993,310.5666116901768,305.9557653949466,1.6998460926049707e-10,0.20736612017262662,0.051934530729326876,0.1133173304256067,3.109389043211097e-286,0.0,1.9248610752626303e-291,0.046599544047347674,-6618.946621622855,13247.89324324571,13273.483324268036,2669.779515735372,SR_Q_D_alphaCCC_WOB,1.0,0.5141805898898075,1.0,0.7824928845131065,0.6237532941760476,sub17
