,conflict,congruency,hand,postError,block1,block2,block3,CONFLICT,CONGRUENCY,HAND,POSTeRROR,BLOCK1,BLOCK2,BLOCK3,rSquared,LLH,AIC,BIC,MSE,model,relevant,alpha,decay,subject
0,98.79220511227514,18.223515414799756,-6.595165765662159,12.34761163528585,314.64551771758835,297.13968970261186,298.6618680981314,1.6206057066420328e-26,8.342770846890888e-05,0.09186819354049462,0.20329442331768618,1.1207764839593347e-247,1.4573820739450242e-217,2.6103326904482123e-244,0.12563231497613414,-6848.606715780709,13703.213431561418,13718.520929628743,4608.001953138392,SR_Q_D_WOB,1.0,0.47217727050368935,0.7391548420460387,sub13
