,conflict,congruency,hand,postError,block1,block2,block3,CONFLICT,CONGRUENCY,HAND,POSTeRROR,BLOCK1,BLOCK2,BLOCK3,rSquared,LLH,AIC,BIC,MSE,model,relevant,alpha,decay,subject
0,78.37904344973296,19.168465585031218,5.088937220331401,18.917591297952374,321.7106540221556,336.9312748603374,346.1163499963393,7.887689760723013e-41,6.391202319024721e-10,0.05365894362342311,0.14856006555038542,0.0,0.0,0.0,0.20906674884804566,-6639.471265270769,13284.942530541539,13300.363889670842,2173.8702862155587,SR_Q_D_WOB,0.7168486189138692,0.763098556432494,0.6276657467571024,sub01
