,conflict,congruency,hand,postError,block1,block2,block3,CONFLICT,CONGRUENCY,HAND,POSTeRROR,BLOCK1,BLOCK2,BLOCK3,rSquared,LLH,AIC,BIC,MSE,model,relevant,alpha,decay,alpha_error,subject
0,162.69878215232762,3.590098852619283,34.575580464594,18.729709237781705,285.82534163966216,270.17102531576916,247.00273187089306,1.0370624349730048e-77,0.45017676485800084,6.018760951169277e-17,0.1979140719719222,5.953141230928105e-267,1.9283320776033822e-217,1.3413383927429463e-219,0.30303152988667503,-7085.282162658714,14178.564325317428,14199.071888553022,5136.37219878907,SR_Q_D_E_WOB,0.8805771459949298,0.6732624566059979,0.9835354255556408,0.25426114279570206,sub39
