,conflict,congruency,hand,postError,block1,block2,block3,CONFLICT,CONGRUENCY,HAND,POSTeRROR,BLOCK1,BLOCK2,BLOCK3,rSquared,LLH,AIC,BIC,MSE,model,relevant,alpha,decay,alpha_error,ccc,alpha_ccc,subject
0,54.785938864444695,-0.22732250392655473,12.137535273170801,10.20165340688466,329.59688977150705,329.7729530532243,334.44136337412203,2.39043125781283e-22,0.9419478254792192,0.00010561504702075087,0.4802669351281301,0.0,0.0,0.0,0.08435061119227516,-6848.08017117288,13708.16034234576,13738.99830436155,3051.7526425967453,SR_Q_D_E_alphaCCC_WOB,1.0,0.7419566168732449,0.9174748494647765,0.24470014458829958,0.5833123386423449,0.755834449814943,sub06
