,conflict,congruency,hand,postError,block1,block2,block3,CONFLICT,CONGRUENCY,HAND,POSTeRROR,BLOCK1,BLOCK2,BLOCK3,rSquared,LLH,AIC,BIC,MSE,model,relevant,alpha,decay,subject
0,104.38569177850891,3.6225380504003204,1.0473670734469662,10.248178531719011,352.25148294802085,345.2200204982612,345.0949197771414,6.040382826822784e-21,0.3599474472989803,0.7908890061407544,0.681877479672448,1.111110978829346e-270,5.776590262125709e-255,8.328834031972263e-264,0.06956062579718614,-7194.317987156644,14394.635974313289,14410.073927716432,4918.139369866719,SR_Q_D_WOB,0.7567983559339495,0.5945832072164754,0.5234354745554707,sub31
