,conflict,congruency,hand,postError,block1,block2,block3,CONFLICT,CONGRUENCY,HAND,POSTeRROR,BLOCK1,BLOCK2,BLOCK3,rSquared,LLH,AIC,BIC,MSE,model,relevant,alpha,decay,ccc,alpha_ccc,subject
0,248.3578000686159,-12.916865868773675,11.071222759744222,0.025595366651662066,369.08108363259345,391.84023415012075,351.3365053148758,9.015913258227494e-27,0.25490790565812405,0.25730768991588254,0.9995303823661892,5.042328468821225e-101,1.0696655616344446e-93,6.354350212437539e-92,0.09588764711817177,-8202.431150878137,16414.862301756275,16440.512794306902,29629.337848488794,SR_Q_D_alphaCCC_WOB,0.798801959995336,0.8366915684277346,0.9138285075131731,0.613129153192228,0.4525191167567853,sub36
