,conflict,congruency,hand,postError,block1,block2,block3,CONFLICT,CONGRUENCY,HAND,POSTeRROR,BLOCK1,BLOCK2,BLOCK3,rSquared,LLH,AIC,BIC,MSE,model,relevant,alpha,decay,alpha_error,ccc,alpha_ccc,subject
0,74.52291643549779,19.13412069974651,5.02776528301436,18.832100127232515,323.5162613203402,338.76240781836395,347.978746883545,6.784236155418064e-41,6.840173644519765e-10,0.05656159529233576,0.15036331840627318,0.0,0.0,0.0,0.20925570893156553,-6639.320496469815,13290.64099293963,13321.483711198238,2173.350931756402,SR_Q_D_E_alphaCCC_WOB,0.7331900824285477,0.9825416632754386,0.6220215535473393,1.0,0.3778760294096061,0.7750548058176037,sub01
