,conflict,congruency,hand,postError,block1,block2,block3,CONFLICT,CONGRUENCY,HAND,POSTeRROR,BLOCK1,BLOCK2,BLOCK3,rSquared,LLH,AIC,BIC,MSE,model,relevant,alpha,decay,alpha_error,ccc,alpha_ccc,subject
0,68.29488803259055,9.556296916482278,31.765362268121482,13.04369362004632,310.9293103950848,317.12618099895155,308.4412182676352,7.249890965805731e-29,0.0024528387989605147,4.661442458804685e-23,0.30172896373786134,0.0,0.0,0.0,0.16169404220448214,-6882.939041423212,13777.878082846424,13808.735047253394,3115.7961832187702,SR_Q_D_E_alphaCCC_WOB,1.0,1.0,0.7690331132364105,0.24118592254919544,0.48218386875507147,0.6616492252072635,sub32
