,conflict,congruency,hand,postError,block1,block2,block3,CONFLICT,CONGRUENCY,HAND,POSTeRROR,BLOCK1,BLOCK2,BLOCK3,rSquared,LLH,AIC,BIC,MSE,model,relevant,alpha,decay,alpha_error,ccc,alpha_ccc,subject
0,69.80293545589154,3.521704472662776,19.095119968189056,69.42605921061087,381.87019395870584,413.1700863439662,404.50246800506136,2.1781795898820557e-14,0.5640092854680531,0.000212492938469132,0.00012862549147943934,5.774363698325205e-238,8.9337e-320,6.81891321884691e-257,0.08697387282313818,-7432.008336474149,14876.016672948297,14906.821235275454,8228.884690010009,SR_Q_D_E_alphaCCC_WOB,1.0,0.7027128413877602,0.3330677923840116,0.28470341801903654,0.5781627004095159,0.5409833371260907,sub44
