,conflict,congruency,hand,postError,block1,block2,block3,CONFLICT,CONGRUENCY,HAND,POSTeRROR,BLOCK1,BLOCK2,BLOCK3,rSquared,LLH,AIC,BIC,MSE,model,relevant,alpha,subject
0,194.18672241385113,31.26342920532633,12.376136661340638,32.20442262488475,341.87974760595574,327.6725485134868,378.2149359344785,1.4361009535238947e-17,6.438577613639698e-07,0.018219854239859255,0.01829035724693363,0.0,1.604183251959278e-265,0.0,0.12277509583019564,-7261.87900447824,14527.75800895648,14537.977767882625,8332.66240630911,SR_Q_WOB,0.24472234660558628,1.0,sub16
