,conflict,congruency,hand,postError,block1,block2,block3,CONFLICT,CONGRUENCY,HAND,POSTeRROR,BLOCK1,BLOCK2,BLOCK3,rSquared,LLH,AIC,BIC,MSE,model,relevant,alpha,decay,subject
0,128.47610822057752,11.174360973378779,20.11024203792067,-7.214172480142349,297.093986793489,284.7102133245433,310.7446928097574,7.778774051495107e-29,0.033355260525294105,6.97642536855291e-06,0.6087110952825581,9.223600814625992e-242,7.267659780906614e-201,1.895345628119121e-252,0.12762108968433516,-7195.415280269372,14396.830560538743,14412.21123296544,6130.447219955411,SR_Q_D_WOB,0.6830673583273629,0.6182607722875332,0.7623791430022843,sub33
