,conflict,congruency,hand,postError,block1,block2,block3,CONFLICT,CONGRUENCY,HAND,POSTeRROR,BLOCK1,BLOCK2,BLOCK3,rSquared,LLH,AIC,BIC,MSE,model,relevant,alpha,decay,alpha_error,subject
0,123.11122625757383,12.922112773893431,14.956773996833043,63.650923288760794,334.03001278758234,363.22377992316683,409.6060907410945,8.942447609766622e-17,0.044216783886447154,0.006908789429605817,0.005011065196955735,1.671469166087594e-154,5.3318796359901625e-160,1.2509801438567635e-213,0.14609371078718514,-7509.6105548418545,15027.221109683709,15047.751099890349,9492.961692631656,SR_Q_D_E_WOB,0.9352746535719177,0.437247132899632,0.8762383239991642,0.671286923836788,sub15
