,conflict,congruency,hand,postError,block1,block2,block3,CONFLICT,CONGRUENCY,HAND,POSTeRROR,BLOCK1,BLOCK2,BLOCK3,rSquared,LLH,AIC,BIC,MSE,model,relevant,alpha,decay,alpha_error,ccc,alpha_ccc,subject
0,312.92039627681595,22.978593113204195,19.627298681051396,-11.626240357106488,257.11211583566643,253.20752650219788,245.61867747575513,3.1114716836673086e-36,8.12178032103789e-06,5.5205929814274696e-06,0.2635211193142326,3.47604191634409e-103,1.540896744902773e-94,5.5534867288249774e-95,0.17056361155297262,-6981.688565957025,13975.37713191405,14006.00692460367,5576.450662267894,SR_Q_D_E_alphaCCC_WOB,0.44405149614448125,0.348234423548758,0.5749751217539736,0.10898661610780307,0.8328767273703092,0.3355580504430592,sub37
