,conflict,congruency,hand,postError,block1,block2,block3,CONFLICT,CONGRUENCY,HAND,POSTeRROR,BLOCK1,BLOCK2,BLOCK3,rSquared,LLH,AIC,BIC,MSE,model,relevant,alpha,decay,alpha_error,ccc,alpha_ccc,subject
0,109.11873256085084,18.8823478759096,36.727164695963154,12.536160946825511,336.16122957267766,333.96203880090167,345.19248978058044,8.462853988496577e-06,7.381440321027442e-05,2.7180258507830644e-19,0.24741823052549722,1.0623259660874564e-237,4.247366785134199e-220,9.432033804814946e-244,0.09990815184558954,-6938.699838749113,13889.399677498226,13920.05895427666,4914.118994279485,SR_Q_D_E_alphaCCC_WOB,0.24743089718659747,0.24007547978447563,0.05895762569362426,0.3650334539546896,0.8105420999783125,0.4212558617343182,sub04
