,conflict,congruency,hand,postError,block1,block2,block3,CONFLICT,CONGRUENCY,HAND,POSTeRROR,BLOCK1,BLOCK2,BLOCK3,rSquared,LLH,AIC,BIC,MSE,model,relevant,alpha,decay,alpha_error,ccc,alpha_ccc,subject
0,103.67720235114346,18.13755581098742,-6.541246470825414,12.387597091992571,310.84879578093,293.3522956653327,294.8669233336335,1.4870476724126077e-26,9.027559631488836e-05,0.09454364117509788,0.20179031307822398,9.308481715892739e-232,1.6093612205865536e-204,4.0116337044181097e-228,0.12575579532632153,-6848.520917081403,13709.041834162806,13739.656830297454,4607.351199794719,SR_Q_D_E_alphaCCC_WOB,1.0,0.0001,0.7476437371353349,0.46290711635865256,0.12324541900950625,0.4463736163355941,sub13
