,conflict,congruency,hand,postError,block1,block2,block3,CONFLICT,CONGRUENCY,HAND,POSTeRROR,BLOCK1,BLOCK2,BLOCK3,rSquared,LLH,AIC,BIC,MSE,model,relevant,alpha,decay,subject
0,97.56846689105635,14.560149470852787,21.061577635602532,26.98925225031282,375.84651907138976,338.5599050502539,332.19555074209546,3.604056531148295e-29,0.010453152835159537,0.00021539031205516056,0.12773208023439056,1.639672662934148e-258,1.0424454204804557e-227,1.3729832007359196e-222,0.14111895332281155,-7504.243176613763,15014.486353227527,15029.869434325568,9971.208661609648,SR_Q_D_WOB,1.0,0.8919455376317555,0.9518160829848448,sub26
