,conflict,congruency,hand,postError,block1,block2,block3,CONFLICT,CONGRUENCY,HAND,POSTeRROR,BLOCK1,BLOCK2,BLOCK3,rSquared,LLH,AIC,BIC,MSE,model,relevant,alpha,decay,subject
0,89.4971764010859,-10.535698613816967,-9.857660790408943,21.19659034086336,366.96401097385905,371.10272596213633,355.0353792962976,3.670945104516481e-40,0.018760611887134876,0.009794215193910554,0.10734072618104297,0.0,0.0,3.585e-320,0.1625375515480041,-7038.639533729827,14083.279067459654,14098.674162991056,4514.022449907416,SR_Q_D_WOB,1.0,0.6717583005226327,0.7037853146994091,sub09
