,conflict,congruency,hand,postError,block1,block2,block3,CONFLICT,CONGRUENCY,HAND,POSTeRROR,BLOCK1,BLOCK2,BLOCK3,rSquared,LLH,AIC,BIC,MSE,model,relevant,alpha,decay,alpha_error,subject
0,322.9619104391376,2.171701794818489,-10.524779385064598,-4.42268225457812,258.47940948119776,244.3873668462272,272.2322799896124,2.299266769877247e-06,0.47327362960257646,0.0005255394382260631,0.6155375964764496,2.605085839513144e-26,9.927818983312919e-24,1.3595122692674847e-28,0.0696666169205139,-6709.140682354764,13426.281364709528,13446.785713802725,2831.3891738169964,SR_Q_D_E_WOB,0.20875834401334067,0.22451266447890503,1.0,0.0001,sub25
