,conflict,congruency,hand,postError,block1,block2,block3,CONFLICT,CONGRUENCY,HAND,POSTeRROR,BLOCK1,BLOCK2,BLOCK3,rSquared,LLH,AIC,BIC,MSE,model,relevant,alpha,subject
0,557.4111878546569,19.59484700003882,37.75955225066225,13.2787373593343,359.42016101278125,357.48239704817104,369.6770053656848,3.793190549114665e-06,3.5755174225021304e-05,2.718596103968379e-20,0.21981710044933195,0.0,0.0,0.0,0.10104412535673157,-6937.926967776981,13879.853935553961,13890.073694480106,4907.917061643681,SR_Q_WOB,0.02519779494156572,0.9911834107974818,sub04
