,conflict,congruency,hand,postError,block1,block2,block3,CONFLICT,CONGRUENCY,HAND,POSTeRROR,BLOCK1,BLOCK2,BLOCK3,rSquared,LLH,AIC,BIC,MSE,model,relevant,alpha,decay,alpha_error,ccc,alpha_ccc,subject
0,84.78772441370671,-23.81137988590303,-13.324259567345004,20.164829731438545,385.50741698681,366.42856206488915,371.5901529058111,7.469757955936742e-14,4.589719107969126e-06,0.002750810320743912,0.03077201516097847,1.4750715317643112e-260,9.633753536997975e-241,2.890059582286914e-261,0.0968999000851859,-6871.3237582794045,13754.647516558809,13785.157902322524,5836.449756961752,SR_Q_D_E_alphaCCC_WOB,0.9258129024856258,0.39102012312731593,0.7208181030578484,0.0001,0.7718205002061299,0.6591828615194945,sub14
