,conflict,congruency,hand,postError,block1,block2,block3,CONFLICT,CONGRUENCY,HAND,POSTeRROR,BLOCK1,BLOCK2,BLOCK3,rSquared,LLH,AIC,BIC,MSE,model,relevant,alpha,decay,alpha_error,ccc,alpha_ccc,subject
0,72.00373233941342,9.861026658097726,9.77059887667843,31.79964041321935,359.70630093360745,343.1961566366116,348.52830412675934,1.7822796746937478e-22,0.003898137201780899,0.004265652117158911,0.005132903440042431,0.0,0.0,0.0,0.10077535002288229,-6893.9053852019915,13799.810770403983,13830.59616338576,3613.2811701622545,SR_Q_D_E_alphaCCC_WOB,0.8305039844799557,0.431042801153909,0.4061588948864147,0.3860454923497919,0.20335342956635583,0.6826837780556883,sub21
