,conflict,congruency,hand,postError,block1,block2,block3,CONFLICT,CONGRUENCY,HAND,POSTeRROR,BLOCK1,BLOCK2,BLOCK3,rSquared,LLH,AIC,BIC,MSE,model,relevant,alpha,decay,subject
0,151.97694291532656,17.71103350231256,3.1865938548603907,12.373020979747608,319.8165335241364,331.5466596856553,315.58137553412746,1.6954053111278696e-34,0.0011530406535924082,0.5576152643378359,0.5416062501430299,2.453645825841522e-155,1.781504973154665e-166,2.8269386457356395e-155,0.126104560457171,-7514.770251099309,15035.540502198617,15050.947564239701,9212.509806238326,SR_Q_D_WOB,1.0,0.5877278278122382,0.6936137916211038,sub27
