,conflict,congruency,hand,postError,block1,block2,block3,CONFLICT,CONGRUENCY,HAND,POSTeRROR,BLOCK1,BLOCK2,BLOCK3,rSquared,LLH,AIC,BIC,MSE,model,relevant,alpha,decay,alpha_error,subject
0,66.79092137056281,4.278041316910941,-16.517436164233317,0.7120548147822134,347.3267103748305,374.84511084669674,352.68100570120475,1.936530708556148e-21,0.31343203497349525,4.010683515202821e-06,0.9404284457511833,0.0,0.0,0.0,0.12785667399058342,-6852.710712699033,13713.421425398066,13733.893490215927,3899.5766631340016,SR_Q_D_E_WOB,1.0,0.4965647240367651,0.3006274721463771,0.0001,sub40
