,conflict,congruency,hand,postError,block1,block2,block3,CONFLICT,CONGRUENCY,HAND,POSTeRROR,BLOCK1,BLOCK2,BLOCK3,rSquared,LLH,AIC,BIC,MSE,model,relevant,alpha,subject
0,-142.35583199208426,1.9429461710910303,5.608268978461309,-9.41790006068915,351.89163678693654,364.5894237742918,363.5603491604869,0.0002636870986551077,0.5767896032031041,0.06057773890140929,0.2482822167133926,1.7551980372604316e-245,1.4549713142594733e-273,3.928218916522666e-253,0.025003522831220537,-6632.766703941976,13269.533407883951,13279.769440292883,2730.254224661947,SR_Q_WOB,9.999999999998899e-05,0.07712522157806609,sub17
