,conflict,congruency,hand,postError,block1,block2,block3,CONFLICT,CONGRUENCY,HAND,POSTeRROR,BLOCK1,BLOCK2,BLOCK3,rSquared,LLH,AIC,BIC,MSE,model,relevant,alpha,decay,subject
0,68.21440079003004,4.765792911378577,-15.8422385469846,-1.3415868194234095,345.244948348883,372.35139615781856,350.82006392117444,2.5878046513229706e-20,0.261893398616461,1.0105762784950045e-05,0.8883358704559928,0.0,0.0,0.0,0.12420272224493256,-6855.2903100906005,13716.580620181201,13731.934668794596,3915.9144192858807,SR_Q_D_WOB,1.0,0.46949860999684195,0.3197699130307397,sub40
