,conflict,congruency,hand,postError,block1,block2,block3,CONFLICT,CONGRUENCY,HAND,POSTeRROR,BLOCK1,BLOCK2,BLOCK3,rSquared,LLH,AIC,BIC,MSE,model,relevant,alpha,subject
0,29.997589148645858,-25.42061691845982,-11.918137666770996,21.769148203843827,426.5291765661517,405.5757002852621,410.83954324575564,3.829462001544388e-08,1.9151609699317363e-06,0.007974939483427795,0.021043840562283145,0.0,0.0,0.0,0.07712000490254922,-6884.25824685664,13772.51649371328,13782.686622301184,5964.280951048381,SR_Q_WOB,1.0,0.7414372483405465,sub14
