,conflict,congruency,hand,postError,block1,block2,block3,CONFLICT,CONGRUENCY,HAND,POSTeRROR,BLOCK1,BLOCK2,BLOCK3,rSquared,LLH,AIC,BIC,MSE,model,relevant,alpha,subject
0,37.928043488347896,5.620444760522829,-15.96785295663517,-0.6767187950509026,368.852512654073,396.2277370640418,375.6262170742017,1.2058951537849587e-16,0.18840026993826123,9.87945029187228e-06,0.943910646532427,0.0,0.0,0.0,0.1122099871175789,-6863.681878428332,13731.363756856665,13741.599789265596,3969.5370162095196,SR_Q_WOB,1.0,0.6654179726680088,sub40
