,conflict,congruency,hand,postError,block1,block2,block3,CONFLICT,CONGRUENCY,HAND,POSTeRROR,BLOCK1,BLOCK2,BLOCK3,rSquared,LLH,AIC,BIC,MSE,model,relevant,alpha,decay,alpha_error,subject
0,357.074819054492,-6.015588948899268,16.9763859265018,31.361437837465377,268.7138732006654,268.5422194129561,312.54834017938185,4.1925218120485135e-26,0.348206889632505,0.0019367255108652358,0.11519786142487291,2.8393568137734894e-59,3.111385332962659e-65,1.6168746874293105e-76,0.13018908336274493,-7444.07037663536,14896.14075327072,14916.645102363917,9228.776284415288,SR_Q_D_E_WOB,0.3937695642646232,0.390429881377448,0.928536447791365,0.22167258028925158,sub48
