,conflict,congruency,hand,postError,block1,block2,block3,CONFLICT,CONGRUENCY,HAND,POSTeRROR,BLOCK1,BLOCK2,BLOCK3,rSquared,LLH,AIC,BIC,MSE,model,relevant,alpha,decay,alpha_error,subject
0,95.86171452661085,18.2290798311025,-6.779379068209541,11.90475589849703,317.1139766666007,299.59451666302857,301.14109818218066,1.445607731091164e-26,8.284600620044986e-05,0.08308430062239154,0.22006056652096462,7.158798602235588e-259,1.5019050067414484e-226,1.0288007352353405e-255,0.1257963688485494,-6848.4927224572875,13704.985444914575,13725.395442337674,4607.137373422739,SR_Q_D_E_WOB,1.0,0.4943738199969647,0.7306262940586524,0.3801277862528162,sub13
