,conflict,congruency,hand,postError,block1,block2,block3,CONFLICT,CONGRUENCY,HAND,POSTeRROR,BLOCK1,BLOCK2,BLOCK3,rSquared,LLH,AIC,BIC,MSE,model,relevant,alpha,decay,alpha_error,subject
0,52.55903612729049,7.312772101500325,-1.6525143683881822,6.295116488843323,404.1161853777629,379.94653398735306,385.3178226602759,6.407829737857914e-06,0.3466955360664348,0.8023185409695384,0.5912515655977573,1.794500632912783e-176,1.5521573755948213e-198,5.201719633275576e-164,0.02872215269993794,-7039.592298387346,14087.184596774692,14107.367703082211,12409.542528750982,SR_Q_D_E_WOB,1.0,0.7136659573138066,1.0,0.0093035341789481,sub43
