,conflict,congruency,hand,postError,block1,block2,block3,CONFLICT,CONGRUENCY,HAND,POSTeRROR,BLOCK1,BLOCK2,BLOCK3,rSquared,LLH,AIC,BIC,MSE,model,relevant,alpha,decay,alpha_error,ccc,alpha_ccc,subject
0,137.64905745699468,9.902024091759273,-2.880046780320157,26.06791569545625,351.17633551779005,363.52888171652046,345.04179473543036,9.1614384170276e-30,0.06685721082250988,0.5368928285473296,0.22512123773981732,1.0581872364029752e-219,1.6595837825207223e-270,1.595844286179382e-212,0.10211664228731954,-7315.939327495257,14643.878654990514,14674.68800009991,6774.971152236209,SR_Q_D_E_alphaCCC_WOB,0.7436720510761516,0.5355559039430033,0.6706189405809551,0.04161655867671907,0.0037407386893227867,0.5651507627086094,sub41
