,conflict,congruency,hand,postError,block1,block2,block3,CONFLICT,CONGRUENCY,HAND,POSTeRROR,BLOCK1,BLOCK2,BLOCK3,rSquared,LLH,AIC,BIC,MSE,model,relevant,alpha,decay,subject
0,88.82110461693702,32.634882337693796,14.551865835151748,23.649140456434445,304.9062769305422,289.721405855786,343.5945768709619,4.786638047424906e-25,1.1951955915467265e-07,0.004910703216867468,0.0797475589546352,4.5112485708889684e-240,1.5755946463994402e-183,1.2356189490226814e-280,0.14699382624313573,-7244.745072118316,14495.490144236632,14510.81978262585,8102.611360442111,SR_Q_D_WOB,1.0,0.7637706437151043,0.7925754646035931,sub16
