,conflict,congruency,hand,postError,block1,block2,block3,CONFLICT,CONGRUENCY,HAND,POSTeRROR,BLOCK1,BLOCK2,BLOCK3,rSquared,LLH,AIC,BIC,MSE,model,relevant,alpha,decay,alpha_error,subject
0,54.60338556041297,0.0791209094955283,13.253100732746393,13.221846313577007,302.30975949563754,289.3698059713777,280.4012869272293,5.6413767021913225e-30,0.9774951505046231,2.560108785332122e-06,0.08092802526538623,0.0,0.0,0.0,0.1421440385119359,-6550.1450359670625,13108.290071934125,13128.758893946782,2408.7212806744615,SR_Q_D_E_WOB,1.0,0.8068902163429523,0.6302738142436484,0.0001,sub23
