,conflict,congruency,hand,postError,block1,block2,block3,CONFLICT,CONGRUENCY,HAND,POSTeRROR,BLOCK1,BLOCK2,BLOCK3,rSquared,LLH,AIC,BIC,MSE,model,relevant,alpha,decay,subject
0,239.62102628931842,0.7185235040202663,-4.48662071862749,-3.498472225026612,336.3421633345443,372.45246560565306,339.8889815474698,2.300567490003613e-07,0.9289711099619916,0.5122618342048433,0.8054839363970336,5.601670561642413e-50,1.21687803310662e-64,1.184070294434123e-50,0.04245790995108922,-7246.480072642886,14498.960145285771,14514.162104831732,13596.771829625697,SR_Q_D_WOB,0.3977528498724674,0.2847125050914648,0.63799493569178,sub18
