,conflict,congruency,hand,postError,block1,block2,block3,CONFLICT,CONGRUENCY,HAND,POSTeRROR,BLOCK1,BLOCK2,BLOCK3,rSquared,LLH,AIC,BIC,MSE,model,relevant,alpha,decay,ccc,alpha_ccc,subject
0,110.35849066236614,0.26720268139305536,18.53170649137684,39.379993756370034,363.68968521879873,416.05457418320003,409.9923977089068,0.0009906119478951324,0.9694782443210451,0.0016772362617894381,0.0038074482652784764,1.4645819446452127e-105,1.4543248619352934e-156,3.632889544524898e-131,0.07341018484660122,-7180.949335382128,14371.898670764256,14397.307213694785,10208.187220652964,SR_Q_D_alphaCCC_WOB,0.3462355491684427,0.28594752615874924,0.17770906858915497,0.7893677109296235,0.20102145500199817,sub42
