,conflict,congruency,hand,postError,block1,block2,block3,CONFLICT,CONGRUENCY,HAND,POSTeRROR,BLOCK1,BLOCK2,BLOCK3,rSquared,LLH,AIC,BIC,MSE,model,relevant,alpha,subject
0,38.8570477384468,18.395563315000782,-7.692694978617924,14.54378170604599,365.92981254336405,346.28516029266694,347.8218680419389,5.865593331733509e-19,9.461714071074391e-05,0.052499057896256654,0.13935833826603064,0.0,0.0,0.0,0.10032406857541354,-6865.94090381212,13735.88180762424,13746.08680633579,4741.378850343659,SR_Q_WOB,1.0,0.9431179114880011,sub13
