,conflict,congruency,hand,postError,block1,block2,block3,CONFLICT,CONGRUENCY,HAND,POSTeRROR,BLOCK1,BLOCK2,BLOCK3,rSquared,LLH,AIC,BIC,MSE,model,relevant,alpha,subject
0,37.2910129142953,16.394615562904214,10.933661985732392,-25.48304800902639,368.76442870250247,379.84172156505326,379.65398803451893,2.6580733935972903e-09,0.0053642389259972965,0.02490653917739717,0.02255384039049321,0.0,6.13e-322,0.0,0.05898218462411253,-6867.463314431687,13738.926628863373,13749.06637712029,6915.235582690664,SR_Q_WOB,1.0,0.6249057765253702,sub38
