,conflict,congruency,hand,postError,block1,block2,block3,CONFLICT,CONGRUENCY,HAND,POSTeRROR,BLOCK1,BLOCK2,BLOCK3,rSquared,LLH,AIC,BIC,MSE,model,relevant,alpha,subject
0,41329089.45921849,14.293665048171473,-4.494798996742721,16.396900648998155,-10343135.100497944,-10343131.426531758,-10343133.294933092,0.00013954869935271005,5.4359946332383615e-11,0.031759064810455616,0.06955595264170689,0.0001396117497016071,0.00013961272415303005,0.00013961231366995902,0.044316406807998976,-6310.692980061351,12625.385960122701,12635.657334816759,1354.2418937601133,SR_Q_WOB,0.0005404656355052983,0.0001,sub29
