,conflict,congruency,hand,postError,block1,block2,block3,CONFLICT,CONGRUENCY,HAND,POSTeRROR,BLOCK1,BLOCK2,BLOCK3,rSquared,LLH,AIC,BIC,MSE,model,relevant,alpha,decay,alpha_error,subject
0,112.93523577819522,4.110182220208841,7.134031263874812,30.79650798606975,335.9714911195856,349.4249502734475,361.3028983561884,1.87573660856821e-34,0.46703893713304834,0.13688615195632625,0.010619672274106214,3.6664898913059874e-208,5.990102350358716e-271,1.5893988396817925e-227,0.1388045299674735,-7159.313421151264,14326.626842302529,14347.069626794444,6979.956103912146,SR_Q_D_E_WOB,1.0,0.6426829650962597,0.647839962870478,0.30022314523611743,sub20
