,conflict,congruency,hand,postError,block1,block2,block3,CONFLICT,CONGRUENCY,HAND,POSTeRROR,BLOCK1,BLOCK2,BLOCK3,rSquared,LLH,AIC,BIC,MSE,model,relevant,alpha,decay,alpha_error,subject
0,88.8521791316033,30.988810275177276,14.185781981035587,27.347393727663086,307.55368981629675,293.245916588583,346.43765976601594,1.5525580920695894e-28,4.339894572965877e-07,0.005765057197781574,0.0409908954719107,3.076271514955922e-261,4.681860231087013e-199,9.852786874349502e-304,0.15809150419587326,-7236.730655712066,14481.461311424133,14501.900829276421,7997.195743242681,SR_Q_D_E_WOB,1.0,0.828375072853821,0.68241536803976,0.0001,sub16
