,conflict,congruency,hand,postError,block1,block2,block3,CONFLICT,CONGRUENCY,HAND,POSTeRROR,BLOCK1,BLOCK2,BLOCK3,rSquared,LLH,AIC,BIC,MSE,model,relevant,alpha,decay,alpha_error,subject
0,177.03683250030224,9.271007149796224,14.432673727437406,97.68673790655615,333.4127947362669,327.10251076517966,307.08209148411015,4.901211505726903e-16,0.07938280162436673,0.0014671797988224551,0.0015655320493729906,1.880897334966759e-137,3.4110668002730235e-147,7.40032968901738e-122,0.07892668716422369,-7379.774358848166,14767.548717696332,14788.13895478109,6468.316149925413,SR_Q_D_E_WOB,0.49957317961437353,0.3654692899399487,0.5386920079623527,1.0,sub10
