,conflict,congruency,hand,postError,block1,block2,block3,CONFLICT,CONGRUENCY,HAND,POSTeRROR,BLOCK1,BLOCK2,BLOCK3,rSquared,LLH,AIC,BIC,MSE,model,relevant,alpha,decay,subject
0,34.24395565941588,29.804764343323132,5.5780381046095435,36.11953831624691,339.9930847838259,342.71558749125336,350.05630856221796,0.0001976797144414519,5.521666820647222e-06,0.3929497255902217,0.011759919173046739,6.0129270097491964e-189,2.8265103410054476e-197,2.7820443951258757e-207,0.0353878409677425,-7073.79611312553,14153.59222625106,14168.747793119926,12223.560196583496,SR_Q_D_WOB,1.0,0.91977544137852,0.8449362825885952,sub08
