,conflict,congruency,hand,postError,block1,block2,block3,CONFLICT,CONGRUENCY,HAND,POSTeRROR,BLOCK1,BLOCK2,BLOCK3,rSquared,LLH,AIC,BIC,MSE,model,relevant,alpha,decay,ccc,alpha_ccc,subject
0,38.98749525119773,29.954821172348964,5.712870951167162,36.07967813455985,336.8464125700085,339.5435235490484,346.9011230395852,0.00019990879983769846,4.955082589992496e-06,0.38162797137176263,0.011850925540694057,1.8574904999684988e-172,8.739511634459131e-180,6.138388470225752e-189,0.03537012845150822,-7073.806717267429,14157.613434534858,14182.872712649638,12223.784649495887,SR_Q_D_alphaCCC_WOB,0.9639760295580121,9.999999999998899e-05,0.8879577233743992,0.395126111274832,0.8797008118587022,sub08
