,conflict,congruency,hand,postError,block1,block2,block3,CONFLICT,CONGRUENCY,HAND,POSTeRROR,BLOCK1,BLOCK2,BLOCK3,rSquared,LLH,AIC,BIC,MSE,model,relevant,alpha,subject
0,67.30902067477288,24.56729409311908,20.92483924492353,-8.519668229646712,359.7356786817552,355.934060990986,347.53383723465475,2.9857934672798845e-19,4.141649310371086e-06,2.71311192579694e-06,0.4272543753781748,0.0,0.0,0.0,0.1156932977682178,-7020.699602106506,14045.399204213012,14055.609135109551,5945.353693176309,SR_Q_WOB,0.7876041686855326,0.5457473395323832,sub37
