,conflict,congruency,hand,postError,block1,block2,block3,CONFLICT,CONGRUENCY,HAND,POSTeRROR,BLOCK1,BLOCK2,BLOCK3,rSquared,LLH,AIC,BIC,MSE,model,relevant,alpha,subject
0,101.92732437756958,9.872916107225734,11.049701089275898,32.134030588552164,381.1991560650798,365.5383173149778,369.8284895605916,1.1360728957361079e-17,0.0041766950389849206,0.0013539947905417597,0.005059080292636521,0.0,0.0,0.0,0.08480756363252628,-6904.906300288425,13813.81260057685,13824.074398237442,3677.4432256360924,SR_Q_WOB,0.31095137828750796,0.9083412015988921,sub21
