,conflict,congruency,hand,postError,block1,block2,block3,CONFLICT,CONGRUENCY,HAND,POSTeRROR,BLOCK1,BLOCK2,BLOCK3,rSquared,LLH,AIC,BIC,MSE,model,relevant,alpha,decay,alpha_error,subject
0,149.7535592863142,17.617280175257456,3.2172287331060545,9.996576041357756,321.5908644102444,333.3760608559151,317.42755498151604,1.6453027271563974e-34,0.0012248591969577119,0.5538237969144796,0.6218888943916066,2.8170872792057076e-159,1.0294105398344066e-170,2.0609616202071125e-159,0.12614627850976734,-7514.740270896635,15037.48054179327,15058.023291181382,9212.070019106834,SR_Q_D_E_WOB,1.0,0.5993890282743538,0.6968155095181109,0.5399024575890701,sub27
