,conflict,congruency,hand,postError,block1,block2,block3,CONFLICT,CONGRUENCY,HAND,POSTeRROR,BLOCK1,BLOCK2,BLOCK3,rSquared,LLH,AIC,BIC,MSE,model,relevant,alpha,subject
0,37.791690429483346,8.841132977969774,31.132885005097073,12.984406878614266,335.8376928952553,340.8184143809411,332.46462288605534,1.9675548888636693e-18,0.005937185844277908,1.6461493862536697e-21,0.3130902791864131,0.0,0.0,0.0,0.12937066566542754,-6906.868530507834,13817.737061015669,13828.022715817991,3235.9349611777548,SR_Q_WOB,1.0,0.713431965542375,sub32
