,conflict,congruency,hand,postError,block1,block2,block3,CONFLICT,CONGRUENCY,HAND,POSTeRROR,BLOCK1,BLOCK2,BLOCK3,rSquared,LLH,AIC,BIC,MSE,model,relevant,alpha,decay,alpha_error,ccc,alpha_ccc,subject
0,115.2311693607518,4.360747310084873,7.629563628988528,30.2599851620668,333.62551548245597,347.23152948431607,359.09637016439007,3.5256887738524745e-34,0.4408347403151538,0.11184029354588101,0.012123106063714879,2.343243297431712e-201,3.4299317713058386e-262,8.108136241657543e-221,0.1379171696842012,-7159.944205188214,14331.888410376429,14362.552587114302,6987.148124735936,SR_Q_D_E_alphaCCC_WOB,1.0,0.517225299605833,0.6257552302321082,0.6508698239186786,0.5021057470580512,0.6327800804964093,sub20
