,conflict,congruency,hand,postError,block1,block2,block3,CONFLICT,CONGRUENCY,HAND,POSTeRROR,BLOCK1,BLOCK2,BLOCK3,rSquared,LLH,AIC,BIC,MSE,model,relevant,alpha,decay,subject
0,889.1763062339502,1.180380812488723,41.63540012198913,-22.448257443460864,62.722435372713754,55.96435650717922,72.16131402035805,6.419637531851628e-08,0.8720108347940276,1.0984953373600426e-11,0.02771425313040932,0.30461915284122437,0.35269503260145374,0.2372137746348598,0.06843674332243554,-6896.766436276717,13799.532872553435,13814.651853603022,10416.108687964988,SR_Q_D_WOB,0.24863637327180446,0.09356939625381866,0.4387458256389004,sub19
