,conflict,congruency,hand,postError,block1,block2,block3,CONFLICT,CONGRUENCY,HAND,POSTeRROR,BLOCK1,BLOCK2,BLOCK3,rSquared,LLH,AIC,BIC,MSE,model,relevant,alpha,subject
0,32.43753146971075,13.402916982329161,16.420104863248664,67.59260124921344,401.0798626822044,428.173883596333,474.9540304004962,3.28047634410967e-08,0.04072065822920027,0.003498242260036694,0.0033706467864040275,0.0,0.0,0.0,0.11915411588980229,-7529.054879539272,15062.109759078545,15072.374754181865,9792.451865775582,SR_Q_WOB,1.0,1.0,sub15
