,conflict,congruency,hand,postError,block1,block2,block3,CONFLICT,CONGRUENCY,HAND,POSTeRROR,BLOCK1,BLOCK2,BLOCK3,rSquared,LLH,AIC,BIC,MSE,model,relevant,alpha,decay,alpha_error,subject
0,109.50739794006563,15.339318552991832,-6.53089019335634,4.000444542039851,318.20991459009434,316.0518914453294,302.91755247569836,5.336593479059918e-20,8.586582522767514e-05,0.0938779798173762,0.6581739426950217,2.9134638334364044e-226,5.426029950355969e-232,9.911958147109942e-215,0.09052870102976007,-6794.792248834812,13597.584497669624,13617.968070554014,4541.893703603436,SR_Q_D_E_WOB,0.6996286388065412,0.49777630116021404,0.23614663178093762,0.07177008094409458,sub24
