,conflict,congruency,hand,postError,block1,block2,block3,CONFLICT,CONGRUENCY,HAND,POSTeRROR,BLOCK1,BLOCK2,BLOCK3,rSquared,LLH,AIC,BIC,MSE,model,relevant,alpha,decay,subject
0,300.36375741422887,23.444909923424703,20.37551445897148,-9.867240343275052,260.39045111826977,256.7523754690734,248.3538291608052,2.213793449427109e-35,5.4192080409622016e-06,2.4888435571284366e-06,0.34301213838775446,4.295657504575371e-107,1.7785005531597887e-98,8.89885383061925e-98,0.16788723899831715,-6983.650484803628,13973.300969607257,13988.615865952066,5594.444398391301,SR_Q_D_WOB,0.45588574793563846,0.346197350550283,0.5510543521296033,sub37
