,conflict,congruency,hand,postError,block1,block2,block3,CONFLICT,CONGRUENCY,HAND,POSTeRROR,BLOCK1,BLOCK2,BLOCK3,rSquared,LLH,AIC,BIC,MSE,model,relevant,alpha,decay,alpha_error,ccc,alpha_ccc,subject
0,31.360651608542852,29.79013012660984,5.705811563148597,36.155809024359826,342.36560671707775,345.04912864373307,352.4324934354213,0.0002088559821770467,5.585877559974785e-06,0.38223266957508206,0.011682920502219146,2.7075922015809563e-201,4.773538229165426e-210,5.160691846881459e-221,0.03530097790949549,-7073.848114499557,14159.696228999113,14190.00736273685,12224.660924924936,SR_Q_D_E_alphaCCC_WOB,1.0,0.0001,0.8325116062940886,1.0,0.45860613482589196,1.0,sub08
