,conflict,congruency,hand,postError,block1,block2,block3,CONFLICT,CONGRUENCY,HAND,POSTeRROR,BLOCK1,BLOCK2,BLOCK3,rSquared,LLH,AIC,BIC,MSE,model,relevant,alpha,decay,alpha_error,subject
0,76.94585315343767,19.08799440528291,5.01442022765606,17.190058319430854,322.3725805725248,337.57717237544483,346.6418793167521,5.276392456449384e-41,7.479811886950294e-10,0.057169076553065426,0.18936574946093165,0.0,0.0,0.0,0.20957078374714921,-6639.0690222194,13286.1380444388,13306.699856611203,2172.484952511632,SR_Q_D_E_WOB,0.7261231066266486,0.7761595599105923,0.63273377618886,0.5154269028213245,sub01
