,conflict,congruency,hand,postError,block1,block2,block3,CONFLICT,CONGRUENCY,HAND,POSTeRROR,BLOCK1,BLOCK2,BLOCK3,rSquared,LLH,AIC,BIC,MSE,model,relevant,alpha,decay,alpha_error,ccc,alpha_ccc,subject
0,116.70481679965354,12.640628378341537,14.95013981357491,57.54112784232068,335.3175290027558,364.69209416750897,410.8966853916932,9.68402240253381e-17,0.04917228221292526,0.006937463955187266,0.01119431646342921,5.085299918370496e-158,1.3099922496544641e-163,6.716240125061454e-218,0.1459858946720215,-7509.68959001047,15031.37918002094,15062.1741653309,9494.160295176418,SR_Q_D_E_alphaCCC_WOB,0.9914485290332234,1.0,0.8723802882776711,1.0,0.15250186649176367,0.4422551757901523,sub15
