,conflict,congruency,hand,postError,block1,block2,block3,CONFLICT,CONGRUENCY,HAND,POSTeRROR,BLOCK1,BLOCK2,BLOCK3,rSquared,LLH,AIC,BIC,MSE,model,relevant,alpha,decay,alpha_error,ccc,alpha_ccc,subject
0,128.876344234643,2.4364599579806523,-10.314627902537088,29.782162435338535,314.94444347824157,328.54217518545636,329.7021389047003,1.0255064978187089e-17,0.6403310142357267,0.019463615884985724,0.02547978571510659,5.395132495603398e-142,7.761166977901463e-150,5.571412243333112e-153,0.07528762764345609,-7138.940199073845,14289.88039814769,14320.607912867157,5972.650095865359,SR_Q_D_E_alphaCCC_WOB,1.0,0.323714604137038,0.36673722167079015,0.13129448405128383,0.4163382126107317,0.20899692645288934,sub34
