,conflict,congruency,hand,postError,block1,block2,block3,CONFLICT,CONGRUENCY,HAND,POSTeRROR,BLOCK1,BLOCK2,BLOCK3,rSquared,LLH,AIC,BIC,MSE,model,relevant,alpha,subject
0,77.07989561529436,0.9710102757027368,33.43053930184826,28.985063503658726,350.48713293480284,338.22921613561493,312.76269446524003,1.105726290411727e-30,0.8530688681400276,1.0435255422741475e-13,0.06770724122454157,0.0,0.0,0.0,0.17037640423418987,-7193.74153639478,14391.48307278956,14401.736854407358,6113.986149270246,SR_Q_WOB,0.8087558537353405,0.745041477834921,sub39
