,conflict,congruency,hand,postError,block1,block2,block3,CONFLICT,CONGRUENCY,HAND,POSTeRROR,BLOCK1,BLOCK2,BLOCK3,rSquared,LLH,AIC,BIC,MSE,model,relevant,alpha,subject
0,318.88831044559794,-1.367241147222563,-16.38322608956737,19.507586031684696,428.8546932284248,415.5915086031058,388.3014807460305,3.1624194793616184e-13,0.7392096429533511,6.98023137709515e-05,0.15989250618423934,0.0,0.0,0.0,0.10471734950694844,-7107.193085195935,14218.38617039187,14228.64316228323,5223.845778640324,SR_Q_WOB,0.09032797256253736,0.9668009114109534,sub28
