,conflict,congruency,hand,postError,block1,block2,block3,CONFLICT,CONGRUENCY,HAND,POSTeRROR,BLOCK1,BLOCK2,BLOCK3,rSquared,LLH,AIC,BIC,MSE,model,relevant,alpha,decay,alpha_error,subject
0,159.1982981920442,-5.293194840694392,25.25885531200668,-7.079975216390423,300.73161419473274,286.2354559156123,291.11696202346945,1.9976753441841054e-14,0.28110061563180533,2.3624403687184265e-09,0.6292658918372585,4.702846551250038e-115,1.0111441812682058e-117,3.1596623893550136e-111,0.0799719324263074,-7073.01402541487,14154.02805082974,14174.50982831931,5420.141595738629,SR_Q_D_E_WOB,0.5653218162004772,0.35067157217158396,1.0,0.0001,sub12
