,conflict,congruency,hand,postError,block1,block2,block3,CONFLICT,CONGRUENCY,HAND,POSTeRROR,BLOCK1,BLOCK2,BLOCK3,rSquared,LLH,AIC,BIC,MSE,model,relevant,alpha,decay,ccc,alpha_ccc,subject
0,209.92421252959423,1.4486840718833909,41.32836909768595,-22.443420742950874,279.64062620471185,273.29978027297693,288.6605425616772,8.293025966265522e-08,0.8435465548117891,1.540483917250531e-11,0.02778641292771055,1.2454656550408168e-33,5.6804784035919034e-36,2.291520482841393e-35,0.06802901079847701,-6897.016081711615,13804.03216342323,13829.23046517254,10420.196999181398,SR_Q_D_alphaCCC_WOB,0.6014690748353743,0.20785357370762603,0.4131839140156105,0.5138868195257003,0.1665912339695636,sub19
