,conflict,congruency,hand,postError,block1,block2,block3,CONFLICT,CONGRUENCY,HAND,POSTeRROR,BLOCK1,BLOCK2,BLOCK3,rSquared,LLH,AIC,BIC,MSE,model,relevant,alpha,decay,alpha_error,subject
0,192.03206281325714,-12.428688378935702,7.163602590072927,27.548506463755274,405.0580873346363,423.0034306007633,410.445228030238,2.6999162203521948e-08,0.07928568623935736,0.23724742943524413,0.2032266689938816,2.6381135662575596e-93,2.1321418879032142e-111,3.9123743958279094e-94,0.04088853102755374,-7603.932484827221,15215.864969654442,15236.385363694944,11363.431729679314,SR_Q_D_E_WOB,0.492229963173013,0.33322929175403726,0.5859613005243945,0.0001,sub46
