,conflict,congruency,hand,postError,block1,block2,block3,CONFLICT,CONGRUENCY,HAND,POSTeRROR,BLOCK1,BLOCK2,BLOCK3,rSquared,LLH,AIC,BIC,MSE,model,relevant,alpha,subject
0,56.736154569876064,2.481918405881558,-9.77417286588433,28.965395969775514,371.7012576724354,386.01308126411993,385.9751665067913,8.785423293652409e-14,0.6385308911222762,0.027884487317246624,0.03106532537696005,0.0,0.0,0.0,0.06178244300461744,-7147.915153644582,14299.830307289163,14310.072812195653,6061.0805737398905,SR_Q_WOB,1.0,0.29688335372611324,sub34
