,conflict,congruency,hand,postError,block1,block2,block3,CONFLICT,CONGRUENCY,HAND,POSTeRROR,BLOCK1,BLOCK2,BLOCK3,rSquared,LLH,AIC,BIC,MSE,model,relevant,alpha,decay,alpha_error,ccc,alpha_ccc,subject
0,44.58518993095623,-0.7296745261780888,-14.680616273063052,20.7377444856223,395.5041718540524,397.5338159744466,410.081043398855,1.5405690010423338e-12,0.8674577491667268,0.000804594872010173,0.23558317608909538,0.0,0.0,0.0,0.0525759140611759,-7222.500663868639,14457.001327737278,14487.801103466654,5945.892930578668,SR_Q_D_E_alphaCCC_WOB,0.9679140834250497,1.0,0.3969299926171168,1.0,0.2742693615972819,0.887265726322319,sub22
