,conflict,congruency,hand,postError,block1,block2,block3,CONFLICT,CONGRUENCY,HAND,POSTeRROR,BLOCK1,BLOCK2,BLOCK3,rSquared,LLH,AIC,BIC,MSE,model,relevant,alpha,decay,subject
0,79.07374231128931,-0.08945499939913892,5.8088276828539005,-15.864537641012747,370.6164258865531,338.8855623134612,336.05242363743446,7.218316111124461e-28,0.9839510618288533,0.12799536494473904,0.16262014499684363,6.2215614615883e-311,0.0,1.79219536530767e-279,0.1388387403080531,-6953.01659935135,13912.0331987027,13927.394531819878,4464.281648791024,SR_Q_D_WOB,1.0,0.6739174967908309,1.0,sub47
