,conflict,congruency,hand,postError,block1,block2,block3,CONFLICT,CONGRUENCY,HAND,POSTeRROR,BLOCK1,BLOCK2,BLOCK3,rSquared,LLH,AIC,BIC,MSE,model,relevant,alpha,decay,ccc,alpha_ccc,subject
0,237.39108298555178,23.553735997603923,20.341431011968734,-9.772427231387367,282.14929949535804,278.5230677315344,270.2020998166601,1.692915482568348e-35,4.855258251265189e-06,2.5732578796882267e-06,0.3475396788653067,1.8056980841095705e-154,2.8431412893771495e-139,1.127072167050596e-142,0.1682536149000985,-6983.382285505252,13976.764571010504,14002.289398251854,5591.981187055746,SR_Q_D_alphaCCC_WOB,0.5221448387862744,0.5700370351199612,0.5644209742427929,0.3113596994911878,0.38538998820900006,sub37
