,conflict,congruency,hand,postError,block1,block2,block3,CONFLICT,CONGRUENCY,HAND,POSTeRROR,BLOCK1,BLOCK2,BLOCK3,rSquared,LLH,AIC,BIC,MSE,model,relevant,alpha,decay,subject
0,48.867886270207364,7.1534763813527,-0.8939078282929094,9.857428176986184,405.69669814255093,381.77650904414884,387.21543542440656,3.4025723226719025e-05,0.3583788522758511,0.8924424885771746,0.399183715714466,1.741023760859208e-172,4.6270043189288e-195,1.3935286628825644e-161,0.026006966192639647,-7041.194664497321,14088.389328994643,14103.52665872528,12444.233140749067,SR_Q_D_WOB,1.0,0.6810308082906504,1.0,sub43
