,conflict,congruency,hand,postError,block1,block2,block3,CONFLICT,CONGRUENCY,HAND,POSTeRROR,BLOCK1,BLOCK2,BLOCK3,rSquared,LLH,AIC,BIC,MSE,model,relevant,alpha,decay,alpha_error,ccc,alpha_ccc,subject
0,64.52846478531706,4.818848465711977,-15.843547497329615,-1.430328402120189,348.1474930738679,375.23205168152754,353.72966211040966,2.309515932782775e-20,0.25646617849470077,1.0070073619001903e-05,0.8809967917848918,0.0,0.0,0.0,0.12436334772785562,-6855.177138909499,13722.354277818999,13753.06237504579,3915.1962214947384,SR_Q_D_E_alphaCCC_WOB,1.0,0.8969980607683811,0.3093783020287814,0.5588420591590987,0.23176480824325763,0.4899583892445334,sub40
