,conflict,congruency,hand,postError,block1,block2,block3,CONFLICT,CONGRUENCY,HAND,POSTeRROR,BLOCK1,BLOCK2,BLOCK3,rSquared,LLH,AIC,BIC,MSE,model,relevant,alpha,subject
0,73.19389227971268,13.380940988208582,21.25071469343929,35.41455454985942,410.64500047812373,371.1400820278956,362.8770444263497,9.620127019608289e-16,0.021647685398228853,0.0002699229142002616,0.05102904485350391,0.0,7.7288181883473804e-295,2.9989646625606446e-282,0.09762778682925566,-7535.0172924116905,15074.034584823381,15084.289972222075,10476.120835096044,SR_Q_WOB,0.7273548567736619,0.870639721016714,sub26
