,conflict,congruency,hand,postError,block1,block2,block3,CONFLICT,CONGRUENCY,HAND,POSTeRROR,BLOCK1,BLOCK2,BLOCK3,rSquared,LLH,AIC,BIC,MSE,model,relevant,alpha,decay,subject
0,93.15261710413279,-9.53118936662822,-12.171392672720419,-3.7521084704268723,375.7846643757037,367.5345892286606,359.27382337866203,8.54255415688475e-25,0.14933917881594605,0.028089305827286998,0.7103141442972059,2.9496809343158496e-217,1.5382148015708997e-265,1.6866066554163794e-204,0.10315109011061618,-6882.8336021103005,13771.667204220601,13786.822771089468,8781.91276188754,SR_Q_D_WOB,1.0,0.7491106390825679,0.7363360069924445,sub11
