,conflict,congruency,hand,postError,block1,block2,block3,CONFLICT,CONGRUENCY,HAND,POSTeRROR,BLOCK1,BLOCK2,BLOCK3,rSquared,LLH,AIC,BIC,MSE,model,relevant,alpha,decay,alpha_error,ccc,alpha_ccc,subject
0,72.79445036872261,-2.8999572316785516,11.735728433314815,42.283874067872304,343.4731425401498,347.6040581019203,353.33455398977804,8.570584185313048e-26,0.4768390773481498,0.0007574193694990366,2.2939127654189016e-05,1.598205246e-313,0.0,0.0,0.11366868448372203,-6806.5397471263905,13625.079494252781,13655.777859117341,3683.801245414915,SR_Q_D_E_alphaCCC_WOB,1.0,0.5528722757295418,0.7820347727707035,0.9966400390358905,0.42519137201292856,0.5725724948133404,sub45
