,conflict,congruency,hand,postError,block1,block2,block3,CONFLICT,CONGRUENCY,HAND,POSTeRROR,BLOCK1,BLOCK2,BLOCK3,rSquared,LLH,AIC,BIC,MSE,model,relevant,alpha,decay,alpha_error,ccc,alpha_ccc,subject
0,188.3684603659937,17.979586710324952,3.4294338769627952,12.09100859033471,290.93430447444985,302.9321762683743,286.59572707291915,2.506821422653382e-35,0.0009503892500819251,0.5273598968426907,0.5502495778164311,4.508048495745301e-104,4.263406605075177e-113,2.1607983170638023e-103,0.12875914405211653,-7512.859707163317,15037.719414326633,15068.533538408803,9184.525477048086,SR_Q_D_E_alphaCCC_WOB,1.0,0.19949662607918905,0.7287110757826558,0.49555943244804984,0.42694901056211276,0.4923795599020311,sub27
