,conflict,congruency,hand,postError,block1,block2,block3,CONFLICT,CONGRUENCY,HAND,POSTeRROR,BLOCK1,BLOCK2,BLOCK3,rSquared,LLH,AIC,BIC,MSE,model,relevant,alpha,decay,subject
0,64.61230334539232,-24.185753156334563,-13.157141790069016,21.565157048997087,400.65468313731054,380.9750389848956,386.26779665521167,4.924415105303951e-12,3.7163523621502144e-06,0.0032096397739052557,0.021309312505302342,0.0,7.842751869759919e-296,0.0,0.0906187704335063,-6875.461565772923,13756.923131545846,13772.178324427703,5877.042707130814,SR_Q_D_WOB,0.9189737610281832,0.5902907608959281,0.726964481461311,sub14
