,conflict,congruency,hand,postError,block1,block2,block3,CONFLICT,CONGRUENCY,HAND,POSTeRROR,BLOCK1,BLOCK2,BLOCK3,rSquared,LLH,AIC,BIC,MSE,model,relevant,alpha,decay,alpha_error,ccc,alpha_ccc,subject
0,90.30889899786148,14.540066142995467,23.88572796850262,43.79866738242711,340.8921926856905,344.06942260827526,340.59377255647064,6.588556107880189e-29,0.008806352275662873,5.720918931860692e-07,0.0075077689576356806,8.243833915398392e-295,1.0325426501953139e-258,3.0730232624788623e-298,0.12851656710747705,-7302.035960926303,14616.071921852606,14646.85251291336,7007.48792843654,SR_Q_D_E_alphaCCC_WOB,1.0,1.0,0.943061069778026,0.0001,0.4672023540127568,0.687843375211454,sub35
