,conflict,congruency,hand,postError,block1,block2,block3,CONFLICT,CONGRUENCY,HAND,POSTeRROR,BLOCK1,BLOCK2,BLOCK3,rSquared,LLH,AIC,BIC,MSE,model,relevant,alpha,decay,alpha_error,subject
0,29.129558201941997,11.535992509841225,-3.643334108731003,17.497771651746206,288.4079028007022,291.51625628511596,289.1074740046008,4.459406141665001e-25,1.1502277134601476e-08,0.06990307770189869,0.04450619078357952,0.0,0.0,0.0,0.11255409575158626,-6264.171165674436,12536.342331348873,12556.885080736985,1257.5463792076596,SR_Q_D_E_WOB,1.0,0.9418165940164983,0.6050405937840546,0.0001,sub29
