,conflict,congruency,hand,postError,block1,block2,block3,CONFLICT,CONGRUENCY,HAND,POSTeRROR,BLOCK1,BLOCK2,BLOCK3,rSquared,LLH,AIC,BIC,MSE,model,relevant,alpha,decay,alpha_error,subject
0,71.21001214253637,-2.970428850880868,11.673124234360289,38.79860339878643,344.91612007040004,349.0895536637138,354.70581272426375,5.802093701384251e-26,0.4659457262738719,0.0008053538181348549,0.00010162325845544781,4e-321,0.0,0.0,0.114228290639793,-6806.150698184248,13620.301396368495,13640.76697294487,3681.4753907003874,SR_Q_D_E_WOB,1.0,0.5964498086694057,0.7837328879982366,0.3638687123866761,sub45
