,conflict,congruency,hand,postError,block1,block2,block3,CONFLICT,CONGRUENCY,HAND,POSTeRROR,BLOCK1,BLOCK2,BLOCK3,rSquared,LLH,AIC,BIC,MSE,model,relevant,alpha,decay,alpha_error,subject
0,109.12009866336106,18.88234664337845,36.727161523820136,12.53616615237582,336.16086138854394,333.96167836998893,345.1921178269296,8.462853983854755e-06,7.381449258370082e-05,2.718045485831089e-19,0.24741803115861613,1.0698675753821097e-237,4.2720701409867755e-220,9.500357763017503e-244,0.0999081518463647,-6938.6998387485855,13885.399677497171,13905.83919534946,4914.118994275248,SR_Q_D_E_WOB,0.2474287259259421,0.24007167387211703,0.05895718367805856,0.3650293606772852,sub04
