,conflict,congruency,hand,postError,block1,block2,block3,CONFLICT,CONGRUENCY,HAND,POSTeRROR,BLOCK1,BLOCK2,BLOCK3,rSquared,LLH,AIC,BIC,MSE,model,relevant,alpha,subject
0,29.028555221570212,0.36883372999658204,13.220565523475255,11.469784526125107,322.89756973611287,309.46952415132614,301.0425552218036,7.595803149982043e-19,0.8975045193604807,4.296982050633473e-06,0.13815086647148703,0.0,0.0,0.0,0.10586362696272356,-6575.6817592273965,13155.363518454793,13165.597929461122,2510.5908293986017,SR_Q_WOB,1.0,0.879983746204309,sub23
