,conflict,congruency,hand,postError,block1,block2,block3,CONFLICT,CONGRUENCY,HAND,POSTeRROR,BLOCK1,BLOCK2,BLOCK3,rSquared,LLH,AIC,BIC,MSE,model,relevant,alpha,subject
0,48.2220606331506,3.4952880291621096,1.116251913532448,7.463234947461956,391.46813163673704,384.58508060878296,383.5515904912114,1.9112993818706226e-13,0.38348811673267635,0.7803968088613547,0.7683516688256853,0.0,0.0,0.0,0.044093307739715426,-7211.451635630941,14426.903271261883,14437.195240197312,5052.755147160838,SR_Q_WOB,0.730851756842527,0.8347632402183335,sub31
