,conflict,congruency,hand,postError,block1,block2,block3,CONFLICT,CONGRUENCY,HAND,POSTeRROR,BLOCK1,BLOCK2,BLOCK3,rSquared,LLH,AIC,BIC,MSE,model,relevant,alpha,decay,alpha_error,subject
0,312.9224641329132,22.97857871927497,19.62731844436333,-11.626240015530296,257.1111184534028,253.20654337082357,245.6176660028102,3.1114716838032374e-36,8.121890559153313e-06,5.5204732012713415e-06,0.263521133250882,3.490009870105114e-103,1.546252768789597e-94,5.574884984438233e-95,0.17056361155291255,-6981.688565957069,13971.377131914138,13991.796993707218,5576.4506622682875,SR_Q_D_E_WOB,0.4440514315288418,0.34823173290637854,0.5749745327832355,0.10899014197678626,sub37
