,conflict,congruency,hand,postError,block1,block2,block3,CONFLICT,CONGRUENCY,HAND,POSTeRROR,BLOCK1,BLOCK2,BLOCK3,rSquared,LLH,AIC,BIC,MSE,model,relevant,alpha,decay,alpha_error,ccc,alpha_ccc,subject
0,29.213382581457655,11.547861868611108,-3.6828081801714734,16.134346837682575,288.3219244183416,291.5220843993943,289.1094135669172,6.857584640869138e-25,1.1239172605983157e-08,0.06701767201690541,0.06396507190205036,0.0,0.0,0.0,0.11194769910872815,-6264.600134969273,12541.200269938547,12572.014394020716,1258.405667559676,SR_Q_D_E_alphaCCC_WOB,0.996704501315973,0.9452289187842002,0.654290471702155,0.24025410510547662,0.9967072209955606,0.1961279330850932,sub29
