,conflict,congruency,hand,postError,block1,block2,block3,CONFLICT,CONGRUENCY,HAND,POSTeRROR,BLOCK1,BLOCK2,BLOCK3,rSquared,LLH,AIC,BIC,MSE,model,relevant,alpha,decay,alpha_error,ccc,alpha_ccc,subject
0,69.7797609921014,7.466201223043232,-1.3976519891413588,6.642593148321888,390.01722113658354,366.2548619089457,371.29936634264834,6.974349076153851e-06,0.33702114663386085,0.8323182058968275,0.5707525844177115,2.324625624432107e-128,2.0847726736061536e-138,8.666443593330937e-119,0.028584105188222186,-7039.673875086895,14091.34775017379,14121.622409635067,12411.30629438636,SR_Q_D_E_alphaCCC_WOB,1.0,0.48507519166186064,1.0,0.0001,0.9337130588713661,0.6222779994267198,sub43
