,conflict,congruency,hand,postError,block1,block2,block3,CONFLICT,CONGRUENCY,HAND,POSTeRROR,BLOCK1,BLOCK2,BLOCK3,rSquared,LLH,AIC,BIC,MSE,model,relevant,alpha,decay,subject
0,368.60918019531925,-5.968742401532005,17.091630668817515,34.05220148164327,264.1672633335096,264.10610013936093,308.18339285225113,6.788651599202388e-26,0.3522028719185696,0.001812399305529959,0.08713814894932484,7.465809550207653e-55,3.1188955396249634e-60,1.9688166536117444e-71,0.12951671612284632,-7444.550999329962,14895.101998659924,14910.48026047982,9235.910164571562,SR_Q_D_WOB,0.38802590925567737,0.3777162534556651,0.9285261605185081,sub48
