,conflict,congruency,hand,postError,block1,block2,block3,CONFLICT,CONGRUENCY,HAND,POSTeRROR,BLOCK1,BLOCK2,BLOCK3,rSquared,LLH,AIC,BIC,MSE,model,relevant,alpha,decay,subject
0,44.78530466280705,-0.7302397587799503,-14.676881342706187,20.73971882879209,395.4394258829071,397.4656399778839,410.02294210640434,1.5731937615862197e-12,0.867358213435728,0.0008072089601454766,0.23554684742959553,0.0,0.0,0.0,0.05254463517928187,-7222.521347210263,14451.042694420526,14466.442582285215,5946.089232198493,SR_Q_D_WOB,0.9646895922894203,0.8897165330163275,0.39638132469150955,sub22
