,conflict,congruency,hand,postError,block1,block2,block3,CONFLICT,CONGRUENCY,HAND,POSTeRROR,BLOCK1,BLOCK2,BLOCK3,rSquared,LLH,AIC,BIC,MSE,model,relevant,alpha,subject
0,314.7141174287142,3.1419279223838217,7.6714889067698255,33.01648529330655,382.8578616140326,395.7066119887965,407.6449459611284,1.2094595364505983e-23,0.5865953522514178,0.11701046560278504,0.007271497877571669,6.78e-321,0.0,0.0,0.10315379434065641,-7184.158189948643,14372.316379897286,14382.537772143243,7268.903942592594,SR_Q_WOB,0.15360773627030638,0.9421364670681676,sub20
