,conflict,congruency,hand,postError,block1,block2,block3,CONFLICT,CONGRUENCY,HAND,POSTeRROR,BLOCK1,BLOCK2,BLOCK3,rSquared,LLH,AIC,BIC,MSE,model,relevant,alpha,decay,alpha_error,subject
0,103.53164177595447,14.745946426438271,-15.705727489713478,16.04374916357611,425.79026606897344,412.2208931131681,406.199145677219,1.2774939251371014e-07,9.062520035420893e-05,3.081167899382175e-05,0.4992019902756921,0.0,0.0,0.0,0.0626348752364062,-7105.823668225905,14219.64733645181,14240.218646056455,4432.090982898639,SR_Q_D_E_WOB,0.25748762874537406,0.6895851834611179,0.24529928695362818,0.0001,sub05
