,conflict,congruency,hand,postError,block1,block2,block3,CONFLICT,CONGRUENCY,HAND,POSTeRROR,BLOCK1,BLOCK2,BLOCK3,rSquared,LLH,AIC,BIC,MSE,model,relevant,alpha,decay,ccc,alpha_ccc,subject
0,3219.7542796385765,9.748390713254716,54.531581060299054,22.417836490545174,-486.69566297848695,-443.58675887615186,-429.2015984430992,9.257144716024246e-07,0.12192553956500587,1.4977820881673355e-17,0.18588750307167626,0.007272611609340956,0.013997971168759086,0.017534456937612478,0.11476090758157398,-7501.242309200348,15012.484618400696,15038.042178983178,12077.02077471595,SR_Q_D_alphaCCC_WOB,0.05830381259150539,0.07082039632673136,0.1492086356398677,0.5567667545119834,0.48920407743750866,sub07
