,conflict,congruency,hand,postError,block1,block2,block3,CONFLICT,CONGRUENCY,HAND,POSTeRROR,BLOCK1,BLOCK2,BLOCK3,rSquared,LLH,AIC,BIC,MSE,model,relevant,alpha,decay,alpha_error,subject
0,105.02529692688381,3.6392204826747445,1.0400045805860154,11.419944991727021,351.976822168545,344.9292962192959,344.81618918128186,6.014096408763689e-21,0.3577407946752442,0.7923243544694851,0.6478598081006971,2.2103559663987384e-269,1.2007980315868309e-253,1.6843488960218134e-262,0.06956698858369037,-7194.3136481293495,14396.627296258699,14417.211234129556,4918.105737293036,SR_Q_D_E_WOB,0.754330889994522,0.5922666634543,0.5233425481077195,0.6329404401232229,sub31
