,conflict,congruency,hand,postError,block1,block2,block3,CONFLICT,CONGRUENCY,HAND,POSTeRROR,BLOCK1,BLOCK2,BLOCK3,rSquared,LLH,AIC,BIC,MSE,model,relevant,alpha,decay,alpha_error,ccc,alpha_ccc,subject
0,179.81257325527565,2.318093869802343,40.556568443802945,-19.88414520881365,285.69703597503207,279.4282010364525,294.77663181107766,6.035566765574734e-08,0.7530652782565452,3.499136733599254e-11,0.05068340104418686,1.1848086663051625e-38,8.586874103272002e-42,1.3145161692760017e-40,0.06853498395425695,-6896.70626941685,13805.4125388337,13835.650500932872,10415.010226840575,SR_Q_D_E_alphaCCC_WOB,0.7155554866832506,0.17940097423813478,0.37228838075877785,0.3105570546085224,0.6722964005179864,0.17427851288949717,sub19
