,conflict,congruency,hand,postError,block1,block2,block3,CONFLICT,CONGRUENCY,HAND,POSTeRROR,BLOCK1,BLOCK2,BLOCK3,rSquared,LLH,AIC,BIC,MSE,model,relevant,alpha,subject
0,37.74222964493982,1.6278139097906532,2.775308907029433,-20.176826126306025,376.39622950902697,359.7189023844809,367.903218077037,4.7248049474664684e-12,0.7294369626433461,0.5559531362414145,0.10264126846656978,0.0,0.0,0.0,0.04696656301268398,-7073.984997277481,14151.969994554962,14162.174993266512,6677.7920616163565,SR_Q_WOB,1.0,0.8587394583584049,sub30
