,conflict,congruency,hand,postError,block1,block2,block3,CONFLICT,CONGRUENCY,HAND,POSTeRROR,BLOCK1,BLOCK2,BLOCK3,rSquared,LLH,AIC,BIC,MSE,model,relevant,alpha,decay,alpha_error,subject
0,133.49780566048534,2.2228009980861643,-10.36798796745416,30.59299777725117,311.6038137305168,325.4698770171916,326.46257926488516,8.799980820033067e-18,0.6701442254605593,0.018834144011009035,0.0217064269598112,2.323137659975665e-133,4.6062808996294255e-142,3.379013052914265e-144,0.07551458423692392,-7138.788256287665,14285.57651257533,14306.061522388307,5972.36808500158,SR_Q_D_E_WOB,1.0,0.19988995033837628,0.34300452727455777,0.350947192085993,sub34
