,conflict,congruency,hand,postError,block1,block2,block3,CONFLICT,CONGRUENCY,HAND,POSTeRROR,BLOCK1,BLOCK2,BLOCK3,rSquared,LLH,AIC,BIC,MSE,model,relevant,alpha,decay,subject
0,137.21335867979883,2.305622305060372,-10.156761470787039,29.999565815401223,309.12763689672437,322.65999218621823,323.7701015916504,1.1730115490470971e-17,0.6586244144461963,0.021402048539611446,0.024435927559977626,2.1969815518491325e-126,2.2647382453860664e-134,2.807135981513869e-136,0.07508827275135999,-7139.073632325186,14284.147264650372,14299.511022010105,5975.122145874091,SR_Q_D_WOB,0.9934470491264386,0.2043147802881574,0.3725833599946671,sub34
