basic,error,same_CCC,diff_CCC
11695.284401705812,11694.91515117357,11692.979552716552,11689.07701948975
