basic,error,same_CCC,diff_CCC
12626.773583196305,12626.458967743822,12622.40071462645,12620.892419192834
