basic,error,same_CCC,diff_CCC
11478.160490298113,11477.354203751516,11472.38165596614,11468.246070720294
