basic,error,same_CCC,diff_CCC
11715.493053552615,11714.191333467697,11709.466685898864,11706.542142664692
