basic,error,same_CCC,diff_CCC
12417.57720706829,12415.472164858917,12410.393027834334,12408.056616836982
