basic,error,same_CCC,diff_CCC
11532.692465922433,11535.70869281318,11534.784454175326,11533.24838939878
