basic,error,same_CCC,diff_CCC
12840.143116878166,12840.2353742258,12840.618031743821,12823.47345760247
