basic,error,same_CCC,diff_CCC
10577.79146664267,10577.535031377736,10573.135094255395,10570.562955379299
