basic,error,same_CCC,diff_CCC
12929.288390559152,12930.827442893753,12929.445504010455,12921.30814198952
