basic,error,same_CCC,diff_CCC
12674.458090740787,12671.029701027854,12668.855400032873,12660.758859181286
