basic,error,same_CCC,diff_CCC
10791.483337398538,10790.9187642313,10791.018339429873,10784.509400957546
