basic,error,same_CCC,diff_CCC
11996.241979829048,11995.907716697986,11978.159302938797,11982.959408276376
