basic,error,same_CCC,diff_CCC
12021.735773735081,12021.75745095388,12016.37368239149,12017.135585245724
