basic,error,same_CCC,diff_CCC
11899.728549099127,11899.975679107922,11872.255769212426,11865.258239927152
