basic,error,same_CCC,diff_CCC
11089.106712221146,11083.544160825479,11078.804751852229,11077.987705050413
