basic,error,same_CCC,diff_CCC
12692.281630559502,12691.295213214295,12682.369604703172,12667.823537536548
