,P_diff,congruency,hand,postError,block1,block2,block3,p_DIFF,CONGRUENCY,HAND,POSTeRROR,BLOCK1,BLOCK2,BLOCK3,rSquared,LLH,AIC,BIC,MSE,model,alpha,alpha_error,subject
0,-0.03675892066058534,0.03414589080028563,-0.037117807462211126,0.04201126845136249,6.112001803171573,6.082219608834128,6.064933395317242,4.496289226161605e-09,2.33468387706779e-05,4.363991231504157e-06,0.4091534336478828,0.0,0.0,0.0,0.07120697472712934,669.0739301772917,-1334.1478603545834,-1323.86220555226,0.02032910935001018,AB_Q_E_WOB,0.6061204877161475,0.05764937098817055,sub05
