,P_diff,congruency,hand,postError,block1,block2,block3,p_DIFF,CONGRUENCY,HAND,POSTeRROR,BLOCK1,BLOCK2,BLOCK3,rSquared,LLH,AIC,BIC,MSE,model,alpha,subject
0,-0.04440028306299612,0.022222603067137026,0.03342486655602986,0.16294193360245313,6.013704120758278,5.999808092885945,5.9472406673987805,1.2861344923310937e-08,0.07370936037535022,0.0015510149544466893,0.022894862846325525,0.0,0.0,0.0,0.05744384278386894,324.18379097861566,-646.3675819572313,-641.2137481556525,0.03526690531125868,SR_Q_WOB,0.5643165658514046,sub10
