,P_diff,congruency,hand,postError,block1,block2,block3,p_DIFF,CONGRUENCY,HAND,POSTeRROR,BLOCK1,BLOCK2,BLOCK3,rSquared,LLH,AIC,BIC,MSE,model,alpha,subject
0,8.562853801241666e-06,0.05507437839981551,0.09266566646996642,0.04293358855754237,5.891347306357496,5.883391783356521,5.915671578836968,0.9994751911201907,1.404475582772311e-05,4.6503656595005733e-20,0.10814588500723331,0.0,0.0,0.0,0.08866415610167322,409.9805417739417,-817.9610835478834,-812.8512040848111,0.029963361936928196,AB_Q_WOB,0.03417628791246031,sub04
