,P_diff,congruency,hand,postError,block1,block2,block3,p_DIFF,CONGRUENCY,HAND,POSTeRROR,BLOCK1,BLOCK2,BLOCK3,rSquared,LLH,AIC,BIC,MSE,model,alpha,alpha_error,subject
0,-0.013096606861553561,0.005603096794041806,-0.026239851004155587,-0.006799748445189602,5.9033772385023795,5.864032008499934,5.939635127646357,0.07407003421036239,0.49979160319419025,0.0016034636024597271,0.7782027971783663,0.0,0.0,0.0,0.05410367731661658,629.4531367779391,-1254.9062735558782,-1244.65409900928,0.021282724292944786,AB_Q_E_WOB,0.5025170165686463,0.6324155304915965,sub25
