,P_diff,congruency,hand,postError,block1,block2,block3,p_DIFF,CONGRUENCY,HAND,POSTeRROR,BLOCK1,BLOCK2,BLOCK3,rSquared,LLH,AIC,BIC,MSE,model,alpha,subject
0,-0.016362008889071286,0.04367943149304593,-0.0002661780941536629,0.08316436075607575,5.888938231184834,5.913761171564444,5.947687008230744,0.03521558158650946,0.011813709480505821,0.9856610039855156,0.2599688274663366,0.0,0.0,0.0,0.019713145456676795,-108.00668693217722,218.01337386435443,223.16407532194697,0.06935931570646553,AB_Q_WOB,0.9999999999999998,sub01
