,P_diff,congruency,hand,postError,block1,block2,block3,p_DIFF,CONGRUENCY,HAND,POSTeRROR,BLOCK1,BLOCK2,BLOCK3,rSquared,LLH,AIC,BIC,MSE,model,alpha,alpha_error,subject
0,-0.054464981149728545,0.005076918447928153,0.09611610100390051,-0.04479678379229429,5.94603601096263,5.930326250505366,5.966942825617534,1.4308612421752729e-06,0.7594297745052478,2.8194314672481862e-12,0.050128258394196844,0.0,0.0,0.0,0.06789428628023653,62.655639656738686,-121.31127931347737,-111.23195861375322,0.0524600735355597,AB_Q_E_WOB,0.4188047750353175,0.0646896511242738,sub19
