,P_diff,congruency,hand,postError,block1,block2,block3,p_DIFF,CONGRUENCY,HAND,POSTeRROR,BLOCK1,BLOCK2,BLOCK3,rSquared,LLH,AIC,BIC,MSE,model,alpha,subject
0,-0.013661580631226716,-0.018300048009893877,0.013188467545604932,-0.13090347132752647,6.038657973203552,5.959925206760966,5.958978653012945,0.015746874747135816,0.1448954188222587,0.22238552091922592,1.5053407093913473e-05,0.0,0.0,0.0,0.04927127438937695,292.3522381938328,-582.7044763876656,-577.5490800857689,0.037093228661976424,AB_Q_WOB,1.0,sub47
