,P_diff,congruency,hand,postError,block1,block2,block3,p_DIFF,CONGRUENCY,HAND,POSTeRROR,BLOCK1,BLOCK2,BLOCK3,rSquared,LLH,AIC,BIC,MSE,model,alpha,alpha_error,subject
0,-0.020382125213163585,0.06452686788823775,0.015096212935713227,0.04693551325183498,5.868512371142532,5.874089207866911,5.893103046924272,0.02800914366968589,1.006957781111526e-05,0.29970904393105663,0.14128551895934957,0.0,0.0,0.0,0.025037428577465937,-20.860623084852932,45.721246169705864,55.824957415617654,0.060703448193384704,AB_Q_E_WOB,0.7569901678770692,9.999999999998899e-05,sub08
