,P_diff,congruency,hand,postError,block1,block2,block3,p_DIFF,CONGRUENCY,HAND,POSTeRROR,BLOCK1,BLOCK2,BLOCK3,rSquared,LLH,AIC,BIC,MSE,model,alpha,subject
0,-0.034912477753730686,0.03420582956651683,-0.03725039704947867,0.050658285985033524,6.112052729195369,6.082378005440935,6.065003563808136,3.747094633713627e-09,2.2535073304097157e-05,4.03112375956189e-06,0.32039501463826875,0.0,0.0,0.0,0.07146899596721334,669.2523895444644,-1336.504779088929,-1331.3619516877673,0.02032337431714925,AB_Q_WOB,0.6512570861874085,sub05
