,P_diff,congruency,hand,postError,block1,block2,block3,p_DIFF,CONGRUENCY,HAND,POSTeRROR,BLOCK1,BLOCK2,BLOCK3,rSquared,LLH,AIC,BIC,MSE,model,alpha,alpha_error,subject
0,-0.022889543397081297,0.01431043378636182,-0.015272490494097984,0.06760916611804335,6.036893457181658,6.0465365212505855,6.0262347474153515,0.1561381198754165,0.4707300406896958,0.3716632005320437,0.3782525835191104,0.0,0.0,0.0,0.003828521572539545,-288.19113945847835,580.3822789169567,590.6773974593356,0.09214518676419729,AB_Q_E_WOB,0.018469542818614123,1.0,sub41
