,P_diff,congruency,hand,postError,block1,block2,block3,p_DIFF,CONGRUENCY,HAND,POSTeRROR,BLOCK1,BLOCK2,BLOCK3,rSquared,LLH,AIC,BIC,MSE,model,alpha,subject
0,-0.029785872875149843,0.016253641701902494,0.04961008023766317,0.10519674601780399,6.0143811087530015,6.0633374437401955,6.162265579873804,0.0010983732245000374,0.4231903452004553,0.0044327166956764485,0.12483900635765749,0.0,0.0,0.0,0.053311091844754244,-311.9290780087629,625.8581560175257,631.0072876160832,0.09557845831023683,AB_Q_WOB,1.0,sub15
