,P_diff,congruency,hand,postError,block1,block2,block3,p_DIFF,CONGRUENCY,HAND,POSTeRROR,BLOCK1,BLOCK2,BLOCK3,rSquared,LLH,AIC,BIC,MSE,model,alpha,alpha_error,subject
0,-0.03525542579424765,0.036598128670732796,-0.009774451299164946,0.06356672999590596,5.713936644875213,5.727368107537396,5.718728359523397,2.4049408553065997e-08,2.886104770804215e-08,0.13681064505499255,0.026837873600684514,0.0,0.0,0.0,0.053614517035320164,929.6196667606066,-1855.2393335212132,-1844.939499848949,0.013605942953607099,AB_Q_E_WOB,0.4400849343852883,0.0001,sub29
