,P_diff,congruency,hand,postError,block1,block2,block3,p_DIFF,CONGRUENCY,HAND,POSTeRROR,BLOCK1,BLOCK2,BLOCK3,rSquared,LLH,AIC,BIC,MSE,model,alpha,alpha_error,subject
0,-0.058048282885067706,0.026883218270015496,0.03297336051053387,0.08380551612516962,6.014766453437645,6.00337753035301,5.9450642602113675,1.1916692958360004e-08,0.0330151830847485,0.0018214914422596171,0.24816149671812834,0.0,0.0,0.0,0.057908476533926834,324.2593140089539,-644.5186280179078,-634.2235094755289,0.035150378615861906,AB_Q_E_WOB,0.2701979552764865,1.0,sub10
