,P_diff,congruency,hand,postError,block1,block2,block3,p_DIFF,CONGRUENCY,HAND,POSTeRROR,BLOCK1,BLOCK2,BLOCK3,rSquared,LLH,AIC,BIC,MSE,model,alpha,alpha_error,subject
0,-0.03617871823070592,0.01907376911497205,-0.0037262902535074027,0.02288698880552685,6.060270460273914,5.986443811658933,6.0118713876740255,0.0008526496183501249,0.3329223047924649,0.8218246570574963,0.434624164301635,0.0,0.0,0.0,0.024794467774400197,-164.51678781309306,333.0335756261861,343.12512877994516,0.07798315372542497,AB_Q_E_WOB,0.7204293422632112,0.0001,sub43
