,P_diff,congruency,hand,postError,block1,block2,block3,p_DIFF,CONGRUENCY,HAND,POSTeRROR,BLOCK1,BLOCK2,BLOCK3,rSquared,LLH,AIC,BIC,MSE,model,alpha,subject
0,-0.05228018257024239,0.012239300503031347,0.04890930170803856,0.1699910121418492,6.035455274784365,6.108843374702945,6.079346822075143,4.977160520884954e-09,0.34488935027607814,7.863120448798023e-06,1.1623829999017241e-05,0.0,0.0,0.0,0.07260901225154293,281.2491980349705,-560.498396069941,-555.3437807130274,0.03772889855166607,AB_Q_WOB,0.43197222280246483,sub44
