,P_diff,congruency,hand,postError,block1,block2,block3,p_DIFF,CONGRUENCY,HAND,POSTeRROR,BLOCK1,BLOCK2,BLOCK3,rSquared,LLH,AIC,BIC,MSE,model,alpha,subject
0,-0.0414876202575542,0.01290300165690493,0.0010806058952865655,0.026710884690860137,6.007613811212881,5.988820360671375,5.9857819918019715,3.1946401305873764e-14,0.174338280434635,0.9092500885925943,0.6562043516684092,0.0,0.0,0.0,0.048377221751980115,460.59644508218753,-919.1928901643751,-914.0469056966607,0.028331036203181614,SR_Q_WOB,0.8753934351724185,sub31
