,P_diff,congruency,hand,postError,block1,block2,block3,p_DIFF,CONGRUENCY,HAND,POSTeRROR,BLOCK1,BLOCK2,BLOCK3,rSquared,LLH,AIC,BIC,MSE,model,alpha,alpha_error,subject
0,-0.03206215117651248,0.00025216876382595094,0.0031468854166339377,-0.01040590096047217,6.043247288174661,6.122678668713285,6.055874197362696,0.001063758112322084,0.9881734804557714,0.8251734594945288,0.7254581922680623,0.0,0.0,0.0,0.028854424174873716,-3.7287230632546198,11.45744612650924,21.59208582381619,0.058923252771860286,AB_Q_E_WOB,0.669475503390727,0.05223864294126549,sub18
