,P_diff,congruency,hand,postError,block1,block2,block3,p_DIFF,CONGRUENCY,HAND,POSTeRROR,BLOCK1,BLOCK2,BLOCK3,rSquared,LLH,AIC,BIC,MSE,model,alpha,subject
0,0.13217700815396083,-0.04775348665768281,0.05062326349767657,-0.16517600137305644,5.967061414496383,5.84063514354461,5.8999790995569015,0.005278167107646844,0.3096414452535137,0.20606496968867688,0.012989938715629564,0.0,0.0,0.0,0.01579853012072041,-1368.4390940135909,2738.8781880271817,2744.024960206634,0.5051727287232664,AB_Q_WOB,0.04968570077682058,sub19
