,P_diff,congruency,hand,postError,block1,block2,block3,p_DIFF,CONGRUENCY,HAND,POSTeRROR,BLOCK1,BLOCK2,BLOCK3,rSquared,LLH,AIC,BIC,MSE,model,alpha,subject
0,-0.05092930272186212,0.012969031702102465,0.010432979807670592,-0.04349884924003988,5.9565790387853665,5.9782547535529424,5.97942158499318,0.00039351256255836024,0.5314931083887636,0.5540125904017903,0.28538244345367314,0.0,0.0,0.0,0.01447817359193515,-301.7854573193099,605.5709146386198,610.6921670918643,0.09533674424698906,SR_Q_WOB,0.44907769895602717,sub38
