,P_diff,congruency,hand,postError,block1,block2,block3,p_DIFF,CONGRUENCY,HAND,POSTeRROR,BLOCK1,BLOCK2,BLOCK3,rSquared,LLH,AIC,BIC,MSE,model,alpha,alpha_error,subject
0,-0.026963090902338976,0.012643359046828437,0.0010934235120773905,0.021821574846284886,6.008020125976357,5.991606836232774,5.987339862684603,3.613304588298779e-05,0.19024739913479363,0.9096360582276506,0.7204658489871592,0.0,0.0,0.0,0.017293922945893048,440.20275567965655,-876.4055113593131,-866.1135424238843,0.02925642605696046,AB_Q_E_WOB,0.7078592818138447,0.0001,sub31
