,P_diff,congruency,hand,postError,block1,block2,block3,p_DIFF,CONGRUENCY,HAND,POSTeRROR,BLOCK1,BLOCK2,BLOCK3,rSquared,LLH,AIC,BIC,MSE,model,alpha,alpha_error,subject
0,-0.05070509113139846,0.009568001262934944,0.04293147203981873,0.16335797006337544,6.043748476768332,6.113960891904035,6.086588205600188,1.3831854014045648e-08,0.4680151685071924,9.19371057220167e-05,2.2272672740366537e-05,0.0,0.0,0.0,0.06797396213127094,283.6354438805863,-563.2708877611726,-553.0027003187869,0.037244678797526846,AB_Q_E_WOB,0.4393755854730768,0.0001,sub44
