,P_diff,congruency,hand,postError,block1,block2,block3,p_DIFF,CONGRUENCY,HAND,POSTeRROR,BLOCK1,BLOCK2,BLOCK3,rSquared,LLH,AIC,BIC,MSE,model,alpha,subject
0,-0.06690051158126933,0.02614058356727239,-0.022451294991508303,0.01893554235547379,5.925554845474995,5.919836043285848,5.87766168261734,3.322788666001515e-09,0.009128179589623505,0.02483924707679433,0.4116016899550855,0.0,0.0,0.0,0.05165236056926015,394.3973396826832,-786.7946793653664,-781.6455477668089,0.03150807125465695,AB_Q_WOB,0.32073736982472734,sub24
