,P_diff,congruency,hand,postError,block1,block2,block3,p_DIFF,CONGRUENCY,HAND,POSTeRROR,BLOCK1,BLOCK2,BLOCK3,rSquared,LLH,AIC,BIC,MSE,model,alpha,subject
0,-0.0728087983220159,0.05304149470421651,0.02676737742604507,0.08814423121809423,5.891888117788936,5.863723624353576,5.973688394989614,1.0365609224995707e-18,0.0002536287414507084,0.031086450049656423,0.0068561872700417074,0.0,0.0,0.0,0.11443684244047814,118.35392056776095,-234.7078411355219,-229.55949539162182,0.048607952173856835,SR_Q_WOB,0.7333107484757845,sub16
