,P_diff,congruency,hand,postError,block1,block2,block3,p_DIFF,CONGRUENCY,HAND,POSTeRROR,BLOCK1,BLOCK2,BLOCK3,rSquared,LLH,AIC,BIC,MSE,model,alpha,alpha_error,subject
0,-0.026934745696021306,0.01263020065742193,0.011382790009162216,-0.02769573291355265,5.775793718649476,5.815216822114807,5.8037821755524455,3.9737172093712466e-05,0.20985073526687775,0.18021214508415928,0.23099138316291162,0.0,0.0,0.0,0.02348607561833871,600.2624750335069,-1196.5249500670138,-1186.2172824638562,0.022902241323309744,AB_Q_E_WOB,0.524296443518912,0.3469824159388324,sub17
