,P_diff,congruency,hand,postError,block1,block2,block3,p_DIFF,CONGRUENCY,HAND,POSTeRROR,BLOCK1,BLOCK2,BLOCK3,rSquared,LLH,AIC,BIC,MSE,model,alpha,alpha_error,ccc,alpha_ccc,subject
0,-0.0004314268392541492,-0.02250549832429291,0.03470602240018465,0.09902062983825577,5.962686757523759,5.96420707565344,5.988762981507012,0.9295224476694032,0.036038020298510574,9.695614323585677e-05,0.00010254978589321144,0.0,0.0,0.0,0.03308559347962703,548.750840767083,-1089.501681534166,-1069.036104957792,0.024023894173432033,AB_Q_E_alphaCCC_WOB,0.8961904470742605,0.3853702171828872,-0.8438970530368433,0.006180577868059528,sub45
