,P_diff,congruency,hand,postError,block1,block2,block3,p_DIFF,CONGRUENCY,HAND,POSTeRROR,BLOCK1,BLOCK2,BLOCK3,rSquared,LLH,AIC,BIC,MSE,model,alpha,subject
0,-0.07359658026024588,0.050560857019618405,0.04875430041308812,-0.015509399017436698,5.963865333676569,5.958132890280027,5.934988887493589,9.641441892364139e-11,0.00024740925119287057,1.2371065450034377e-05,0.5631793807619965,0.0,0.0,0.0,0.0847089985115661,275.78118895347575,-549.5623779069515,-544.4574124586817,0.03722704591252187,AB_Q_WOB,0.20643677771957258,sub37
