,P_diff,congruency,hand,postError,block1,block2,block3,p_DIFF,CONGRUENCY,HAND,POSTeRROR,BLOCK1,BLOCK2,BLOCK3,rSquared,LLH,AIC,BIC,MSE,model,alpha,subject
0,-82.65830498318185,-0.08779866607328624,-0.03293357160089058,0.05111537498834662,6.145838465877118,6.136896448327629,6.100807627517092,9.301108325890625e-05,0.005349845841340665,0.1045570752324769,0.6910642621982135,0.0,0.0,0.0,0.017172302125646355,-508.7487304358817,1019.4974608717635,1024.6473777078957,0.1301310263493265,AB_Q_WOB,0.00010000000000000286,sub05
