,P_diff,congruency,hand,postError,block1,block2,block3,p_DIFF,CONGRUENCY,HAND,POSTeRROR,BLOCK1,BLOCK2,BLOCK3,rSquared,LLH,AIC,BIC,MSE,model,alpha,subject
0,-0.04510654300485997,0.023195503038502277,0.02888619635864781,0.07989424671212564,5.982072550828098,5.940520301589958,5.9523416458479534,8.886504938784656e-18,0.005548036739684833,0.0005594885045911552,0.004511282481970068,0.0,0.0,0.0,0.08547155363725645,621.1573021036654,-1240.3146042073308,-1235.160770405752,0.02216603331951614,SR_Q_WOB,0.7930096954489658,sub21
