,P_diff,congruency,hand,postError,block1,block2,block3,p_DIFF,CONGRUENCY,HAND,POSTeRROR,BLOCK1,BLOCK2,BLOCK3,rSquared,LLH,AIC,BIC,MSE,model,alpha,subject
0,-0.08240025158014182,-0.018479118290912352,-0.024200209503707687,0.06145724187217816,6.045528105262406,6.05890684082376,6.011827941857158,3.55536755564894e-29,0.08703729410408698,0.007665394960184413,0.04951774997227398,0.0,0.0,0.0,0.1320475755492222,519.3965983405099,-1036.7931966810197,-1031.6614981705527,0.025521161006787325,SR_Q_WOB,0.49731710724199263,sub09
