,P_diff,congruency,hand,postError,block1,block2,block3,p_DIFF,CONGRUENCY,HAND,POSTeRROR,BLOCK1,BLOCK2,BLOCK3,rSquared,LLH,AIC,BIC,MSE,model,alpha,subject
0,-0.03477146095899901,-0.018314735652620012,0.021470112974777245,0.044835986751828205,6.170390813896491,6.215479619238341,6.188726728439319,1.7275213463780773e-05,0.1827039493079433,0.06728344734584878,0.2718433653828424,0.0,0.0,0.0,0.03168666516030416,190.02760073472086,-378.0552014694417,-372.903716005537,0.0434681857565262,SR_Q_WOB,0.6455752995998276,sub46
