,P_diff,congruency,hand,postError,block1,block2,block3,p_DIFF,CONGRUENCY,HAND,POSTeRROR,BLOCK1,BLOCK2,BLOCK3,rSquared,LLH,AIC,BIC,MSE,model,alpha,subject
0,-0.023863491446815738,-0.001618951878273378,0.03190513030044437,0.037428111184082735,5.89355219469274,5.894586554020389,5.907500771555222,0.0019213281122504847,0.8490413897647038,0.00018303377549266017,0.34181018065935787,0.0,0.0,0.0,0.020836634649512575,598.5858437859833,-1195.1716875719667,-1190.0320272360018,0.022657602141203145,AB_Q_WOB,0.47924563874956233,sub06
