,P_diff,congruency,hand,postError,block1,block2,block3,p_DIFF,CONGRUENCY,HAND,POSTeRROR,BLOCK1,BLOCK2,BLOCK3,rSquared,LLH,AIC,BIC,MSE,model,alpha,subject
0,0.07723330019549599,0.0666883725825958,0.07941596632155633,-0.10097357978309962,5.839455271614975,5.843932639696549,5.906132487953931,0.01351306978000413,0.01840554901552022,0.0007721851496142488,0.10030776738406191,0.0,0.0,0.0,0.02185587510348208,-701.6216780610207,1405.2433561220414,1410.394841585946,0.17584425897476513,SR_Q_WOB,0.032650188827633056,sub04
