,P_diff,congruency,hand,postError,block1,block2,block3,p_DIFF,CONGRUENCY,HAND,POSTeRROR,BLOCK1,BLOCK2,BLOCK3,rSquared,LLH,AIC,BIC,MSE,model,alpha,alpha_error,subject
0,-0.06077071595268149,0.03088116439401767,-0.01876600684253136,0.027186645252634478,5.927371485953632,5.9151499707198205,5.881458796226903,1.1087162099756489e-08,0.0023931620642617087,0.06299298513006955,0.24629423270826695,0.0,0.0,0.0,0.05287041336730958,394.88279503003514,-785.7655900600703,-775.5738036178752,0.030433899249934105,AB_Q_E_WOB,0.3394263048649025,0.6366142793609466,sub24
