,P_diff,congruency,hand,postError,block1,block2,block3,p_DIFF,CONGRUENCY,HAND,POSTeRROR,BLOCK1,BLOCK2,BLOCK3,rSquared,LLH,AIC,BIC,MSE,model,alpha,alpha_error,subject
0,-0.02436116401172861,-0.0016080862390647488,0.031859436961626075,0.033807678648631656,5.893599471269752,5.894549069936364,5.907528734514421,0.0013305121260863489,0.8500021670088629,0.0001862310444289814,0.3904203762396238,0.0,0.0,0.0,0.02136492825924663,598.9261128583366,-1193.8522257166733,-1183.5729050447435,0.02264537755541829,AB_Q_E_WOB,0.49275029991222213,0.0001,sub06
