,P_diff,congruency,hand,postError,block1,block2,block3,p_DIFF,CONGRUENCY,HAND,POSTeRROR,BLOCK1,BLOCK2,BLOCK3,rSquared,LLH,AIC,BIC,MSE,model,alpha,alpha_error,subject
0,-0.06553957387253448,0.004380364172879764,0.009569754367754243,-0.05755468445996803,5.967131695768512,5.9843517497477245,5.981551201362175,2.4559707364378863e-05,0.8345267608490037,0.5865214845064816,0.15859960266180784,0.0,0.0,0.0,0.018662510149556666,-299.1517069383849,602.3034138767698,612.5459187832589,0.09493196272795311,AB_Q_E_WOB,0.2024742566097987,1.0,sub38
