,P_diff,congruency,hand,postError,block1,block2,block3,p_DIFF,CONGRUENCY,HAND,POSTeRROR,BLOCK1,BLOCK2,BLOCK3,rSquared,LLH,AIC,BIC,MSE,model,alpha,alpha_error,subject
0,-0.024637277506052768,0.002484852488594695,0.041662341287816096,0.033898371600275534,5.8113699758697575,5.772969277403275,5.74321990800156,1.8361379121066482e-08,0.7747758365848936,1.8249044296075727e-06,0.1483606744344226,0.0,0.0,0.0,0.07398615488839078,573.5292977867716,-1143.0585955735432,-1132.8241845672146,0.023094148425313803,AB_Q_E_WOB,1.0,1.0,sub23
