,P_diff,congruency,hand,postError,block1,block2,block3,p_DIFF,CONGRUENCY,HAND,POSTeRROR,BLOCK1,BLOCK2,BLOCK3,rSquared,LLH,AIC,BIC,MSE,model,alpha,alpha_error,subject
0,-0.02919722538597344,-0.010478851560101504,-0.00562982246810792,-0.05563076866037314,5.974963629100799,6.117972651291142,6.115480673366143,0.14355967906821607,0.6966365545606443,0.8023717132818974,0.2748625019181882,0.0,0.0,0.0,0.03315633403098217,-622.6191599834708,1249.2383199669416,1259.5128768414625,0.1575485701868826,AB_Q_E_WOB,0.22856475486761568,1.0,sub42
