,P_diff,congruency,hand,postError,block1,block2,block3,p_DIFF,CONGRUENCY,HAND,POSTeRROR,BLOCK1,BLOCK2,BLOCK3,rSquared,LLH,AIC,BIC,MSE,model,alpha,alpha_error,subject
0,0.1510328791202914,-0.025634937343987918,-0.09299078387597959,-0.08322833043558231,6.039910454930777,6.026305713700875,5.930950436761217,0.01989166171815666,0.5289784746404953,0.00668207767507501,0.16522177844369274,0.0,0.0,0.0,0.016749909722140188,-1173.7890974051597,2351.5781948103195,2361.878028482584,0.3696517159274337,AB_Q_E_WOB,0.009222149419376635,0.19633755716891224,sub11
