,P_diff,congruency,hand,postError,block1,block2,block3,p_DIFF,CONGRUENCY,HAND,POSTeRROR,BLOCK1,BLOCK2,BLOCK3,rSquared,LLH,AIC,BIC,MSE,model,alpha,subject
0,-0.05915633014982763,0.026340546221972544,0.05490666791449286,0.10211654948431453,5.983889423270764,5.990952867216156,5.978820417822739,3.279609862822512e-18,0.04404311485751625,1.0258641830049227e-06,0.0076124060183951625,0.0,0.0,0.0,0.0900433853688718,248.49671844542968,-494.99343689085936,-489.8411680348268,0.03967375674590642,SR_Q_WOB,0.8245739265329484,sub35
