,P_diff,congruency,hand,postError,block1,block2,block3,p_DIFF,CONGRUENCY,HAND,POSTeRROR,BLOCK1,BLOCK2,BLOCK3,rSquared,LLH,AIC,BIC,MSE,model,alpha,alpha_error,subject
0,-0.07052563655103064,-0.012958020800930142,0.018521306690848255,-0.04094872554780504,6.189009970753075,6.234020562749885,6.15115994441036,3.200002366360905e-09,0.5285786741473485,0.29069859209364773,0.6027947169218952,0.0,0.0,0.0,0.03884080359291986,-304.33940287859286,612.6788057571857,622.9390027774368,0.09531728068109468,AB_Q_E_WOB,0.6804782593395179,1.0,sub36
