,P_diff,congruency,hand,postError,block1,block2,block3,p_DIFF,CONGRUENCY,HAND,POSTeRROR,BLOCK1,BLOCK2,BLOCK3,rSquared,LLH,AIC,BIC,MSE,model,alpha,subject
0,-0.47342596024870076,0.02831692246677074,-0.09235639664842488,-0.08772519916898658,6.015099982558167,6.009547307285768,5.917758961785829,0.3623025598093551,0.5804257613060312,0.007169414433105503,0.1444645860098285,0.0,0.0,0.0,0.013178834665105721,-1176.0984324571784,2354.196864914357,2359.346781750489,0.3709942573984636,AB_Q_WOB,0.0004283851906974082,sub11
