,P_diff,congruency,hand,postError,block1,block2,block3,p_DIFF,CONGRUENCY,HAND,POSTeRROR,BLOCK1,BLOCK2,BLOCK3,rSquared,LLH,AIC,BIC,MSE,model,alpha,subject
0,-0.044084132071225524,-0.015131322694598145,0.020016526279941372,0.05989854499500047,6.17376639341973,6.217882934029157,6.187090619580697,1.05243325273413e-05,0.2798801602574266,0.08870146563118828,0.15375268847617712,0.0,0.0,0.0,0.03322255604482405,196.48400463917778,-390.96800927835557,-385.83791076823,0.042744994647714224,AB_Q_WOB,0.410926867648969,sub46
