,P_diff,congruency,hand,postError,block1,block2,block3,p_DIFF,CONGRUENCY,HAND,POSTeRROR,BLOCK1,BLOCK2,BLOCK3,rSquared,LLH,AIC,BIC,MSE,model,alpha,alpha_error,subject
0,-0.05353541386914462,0.004954075409690201,0.0030110743232563825,-0.051212504505074974,5.965780614440222,5.924086789506434,5.94196066809778,7.754372982775397e-08,0.6613102938864881,0.7903537712879528,0.08466847246254991,0.0,0.0,0.0,0.03304342711945374,254.12002676416864,-504.2400535283373,-494.035054816788,0.03853525905225705,AB_Q_E_WOB,0.4937226947907991,0.0001,sub30
