,P_diff,congruency,hand,postError,block1,block2,block3,p_DIFF,CONGRUENCY,HAND,POSTeRROR,BLOCK1,BLOCK2,BLOCK3,rSquared,LLH,AIC,BIC,MSE,model,alpha,subject
0,-0.03609860333197401,0.020858930871157977,0.0333591248769186,0.1182031937040483,6.013322411803628,5.998449225517135,5.943221455707079,5.318900822643854e-08,0.09284991140884126,0.0016029139381465018,0.10073594963185474,0.0,0.0,0.0,0.05539918929857435,322.79804889386855,-643.5960977877371,-638.4422639861583,0.03534340855238248,AB_Q_WOB,0.7779358445999295,sub10
