,P_diff,congruency,hand,postError,block1,block2,block3,p_DIFF,CONGRUENCY,HAND,POSTeRROR,BLOCK1,BLOCK2,BLOCK3,rSquared,LLH,AIC,BIC,MSE,model,alpha,subject
0,-0.06925456176456495,0.03728712134528817,-0.02122932099857336,0.013734744593740935,5.925956663800963,5.915317749014841,5.879617094414651,6.46479763606353e-17,0.00017914434749294287,0.03264720905359383,0.5510926474441129,0.0,0.0,0.0,0.08178449424320022,413.5935908247193,-825.1871816494386,-820.091288428341,0.029504809675831033,SR_Q_WOB,0.5496047313969245,sub24
