,P_diff,congruency,hand,postError,block1,block2,block3,p_DIFF,CONGRUENCY,HAND,POSTeRROR,BLOCK1,BLOCK2,BLOCK3,rSquared,LLH,AIC,BIC,MSE,model,alpha,subject
0,-0.015266532355087986,0.005708748087766058,-0.026219211991796984,-0.00862469487308326,5.903306449872894,5.863543625286429,5.939740681808326,0.06567683890204085,0.49166459086187975,0.001615623741598877,0.7209689137378523,0.0,0.0,0.0,0.05425471168548146,629.5524614883784,-1257.1049229767568,-1251.9788357034577,0.021279326010474227,SR_Q_WOB,0.4396370079902735,sub25
