,P_diff,congruency,hand,postError,block1,block2,block3,p_DIFF,CONGRUENCY,HAND,POSTeRROR,BLOCK1,BLOCK2,BLOCK3,rSquared,LLH,AIC,BIC,MSE,model,alpha,alpha_error,ccc,alpha_ccc,subject
0,-0.018434511245588037,0.005486969303429359,-0.026223100975128852,-0.005956078083815042,5.903611626591693,5.864080402016334,5.939556101452064,0.04414982967340938,0.5086131696642782,0.0016083996246461288,0.8051248145643051,0.0,0.0,0.0,0.05476162192871514,629.8859367948535,-1251.771873589707,-1231.2675244965105,0.021267920499839346,AB_Q_E_alphaCCC_WOB,0.3308244726129679,0.7277583986822653,-0.8817393184807834,0.6904561628605718,sub25
