,P_diff,congruency,hand,postError,block1,block2,block3,p_DIFF,CONGRUENCY,HAND,POSTeRROR,BLOCK1,BLOCK2,BLOCK3,rSquared,LLH,AIC,BIC,MSE,model,alpha,subject
0,-0.05549634405425577,0.011603094775671938,0.04704176667927776,0.1608686234424395,6.037197902318819,6.10884423782331,6.081267717601923,4.3463221249460263e-13,0.3620206236068969,1.473685854073062e-05,2.9116820519212877e-05,0.0,0.0,0.0,0.08583737487023846,290.4439319129169,-578.8878638258338,-573.7332484689202,0.03719073120059465,SR_Q_WOB,0.634805751223632,sub44
