,P_diff,congruency,hand,postError,block1,block2,block3,p_DIFF,CONGRUENCY,HAND,POSTeRROR,BLOCK1,BLOCK2,BLOCK3,rSquared,LLH,AIC,BIC,MSE,model,alpha,subject
0,-0.019200719939538077,0.010074922046148238,0.01072837513859251,-0.027429419364947027,5.77617506212076,5.813663729214319,5.804172660541459,1.4926305412738396e-05,0.3104387906054788,0.20614160322378716,0.23504887439763247,0.0,0.0,0.0,0.024915838892364706,601.1994853576291,-1200.3989707152582,-1195.2451369136793,0.022868708997382088,SR_Q_WOB,1.0,sub17
