,P_diff,congruency,hand,postError,block1,block2,block3,p_DIFF,CONGRUENCY,HAND,POSTeRROR,BLOCK1,BLOCK2,BLOCK3,rSquared,LLH,AIC,BIC,MSE,model,alpha,subject
0,-0.03032968189433921,-0.012797472486283643,0.03471598897118962,0.08614372259510045,5.963277429358008,5.970372134984057,5.988368999409342,2.1455943718882754e-08,0.21637177554364995,7.843998924300712e-05,0.000645835135451979,0.0,0.0,0.0,0.05752681137808002,564.5219839991837,-1127.0439679983674,-1121.927573854274,0.02341662921926597,AB_Q_WOB,0.8007851858785168,sub45
