,P_diff,congruency,hand,postError,block1,block2,block3,p_DIFF,CONGRUENCY,HAND,POSTeRROR,BLOCK1,BLOCK2,BLOCK3,rSquared,LLH,AIC,BIC,MSE,model,alpha,alpha_error,subject
0,-0.008014228750733043,0.025493430832014247,0.08468599636225632,0.032634062301332145,5.867348525881779,5.886792464637732,5.856867935844024,0.1836140962755355,0.0034735703506750815,1.352150694280696e-21,0.35393630416893895,0.0,0.0,0.0,0.08125390884863026,567.1839854783966,-1130.3679709567932,-1120.0509429621345,0.024218131338233626,AB_Q_E_WOB,0.6894292145616976,0.5892431835413369,sub32
