,P_diff,congruency,hand,postError,block1,block2,block3,p_DIFF,CONGRUENCY,HAND,POSTeRROR,BLOCK1,BLOCK2,BLOCK3,rSquared,LLH,AIC,BIC,MSE,model,alpha,subject
0,-0.027328500505670955,-0.0020803048582031664,0.034208756355406295,0.039688240574513534,5.889471046753496,5.892175984809446,5.90654039632423,0.0011536490810155745,0.8059474740141388,5.66088091342983e-05,0.31411838009206144,0.0,0.0,0.0,0.023949940982125106,603.6696037483828,-1205.3392074967655,-1200.1877220328608,0.02273004485140014,AB_Q_WOB,0.41759451485972005,sub06
