,P_diff,congruency,hand,postError,block1,block2,block3,p_DIFF,CONGRUENCY,HAND,POSTeRROR,BLOCK1,BLOCK2,BLOCK3,rSquared,LLH,AIC,BIC,MSE,model,alpha,subject
0,-0.06331828457455804,0.007543706347292373,-0.035210586823858074,0.07103039818736667,6.000995506580743,6.033403498117404,6.033483911437292,1.544585285522808e-11,0.5381769307441338,0.0007203335075851775,0.02366097783671238,0.0,0.0,0.0,0.05723489063034237,343.80058845719464,-685.6011769143893,-680.4512600782572,0.03412942322252051,AB_Q_WOB,0.3202177319426446,sub34
