,P_diff,congruency,hand,postError,block1,block2,block3,p_DIFF,CONGRUENCY,HAND,POSTeRROR,BLOCK1,BLOCK2,BLOCK3,rSquared,LLH,AIC,BIC,MSE,model,alpha,subject
0,0.09038957692290084,0.07924745245633585,0.07970580178976149,-0.09940250131786185,5.829293919743579,5.83328791746825,5.896611927937478,0.003127674593432711,0.006684391879279336,0.0007290771954075148,0.10538110046703672,0.0,0.0,0.0,0.02388237585503583,-700.2985104315612,1402.5970208631225,1407.7485063270271,0.17547994811922202,AB_Q_WOB,0.031192922947653762,sub04
