,P_diff,congruency,hand,postError,block1,block2,block3,p_DIFF,CONGRUENCY,HAND,POSTeRROR,BLOCK1,BLOCK2,BLOCK3,rSquared,LLH,AIC,BIC,MSE,model,alpha,subject
0,0.10433507526282915,-0.04770993479669333,0.05149753664866999,-0.16510765598891247,5.9677174394848596,5.847798633689491,5.903523743564447,0.014086740916431027,0.3125451379753509,0.19871871228799115,0.01311262925799041,0.0,0.0,0.0,0.014429958792157804,-1369.3214734455028,2740.6429468910055,2745.789719070458,0.5058751915152949,SR_Q_WOB,0.1216822152610617,sub19
