,P_diff,congruency,hand,postError,block1,block2,block3,p_DIFF,CONGRUENCY,HAND,POSTeRROR,BLOCK1,BLOCK2,BLOCK3,rSquared,LLH,AIC,BIC,MSE,model,alpha,alpha_error,subject
0,-0.044903699490017254,-0.016424792780821457,0.02173383907581017,0.012158600283942556,6.170145281211539,6.216541761544853,6.188890744657197,1.070539434382528e-05,0.2343878368072436,0.0639172457021461,0.7676446226725706,0.0,0.0,0.0,0.03238328835847204,190.48675536215364,-376.9735107243073,-366.6705397964978,0.043436913909421684,AB_Q_E_WOB,0.3439862031736128,1.0,sub46
