,P_diff,congruency,hand,postError,block1,block2,block3,p_DIFF,CONGRUENCY,HAND,POSTeRROR,BLOCK1,BLOCK2,BLOCK3,rSquared,LLH,AIC,BIC,MSE,model,alpha,subject
0,-0.03907237645507436,-0.0021244566667281695,0.03319375167334715,0.07495320566532787,5.987438733364679,6.1131894893427,6.098611999141497,0.001327295648710371,0.8933212842638258,0.010704436963050248,0.012484134150555272,0.0,0.0,0.0,0.07995883184722263,97.53759728738396,-193.07519457476792,-187.99348598866234,0.049697243939744895,SR_Q_WOB,0.29663705044076205,sub42
