,P_diff,congruency,hand,postError,block1,block2,block3,p_DIFF,CONGRUENCY,HAND,POSTeRROR,BLOCK1,BLOCK2,BLOCK3,rSquared,LLH,AIC,BIC,MSE,model,alpha,subject
0,-0.056810289881058566,0.03178790432999061,0.05653377876042179,0.0021878394465599804,5.877339502790663,5.8432176339446515,5.906463497244206,2.1761956406220224e-17,0.022427785604352518,1.6796177366592645e-06,0.9530284542436838,0.0,0.0,0.0,0.09151919022971666,197.4286976922799,-392.8573953845598,-387.73050457566103,0.04263705360403226,SR_Q_WOB,0.9073523896726677,sub33
