,P_diff,congruency,hand,postError,block1,block2,block3,p_DIFF,CONGRUENCY,HAND,POSTeRROR,BLOCK1,BLOCK2,BLOCK3,rSquared,LLH,AIC,BIC,MSE,model,alpha,subject
0,-0.09521224207466472,0.026610353021446875,0.11540992117107861,0.04927193222356835,5.9823804655568935,6.0717165852208765,6.097245693155538,0.0004163151987817385,0.03867120904937519,1.049523055974603e-18,0.15434267935854337,0.0,0.0,0.0,0.11462149111909292,92.57363723895014,-183.14727447790028,-178.03576236140412,0.05034306429460051,SR_Q_WOB,0.1281598725838433,sub07
