,P_diff,congruency,hand,postError,block1,block2,block3,p_DIFF,CONGRUENCY,HAND,POSTeRROR,BLOCK1,BLOCK2,BLOCK3,rSquared,LLH,AIC,BIC,MSE,model,alpha,subject
0,-0.04984166753580471,0.009687106894590958,0.04290121355713522,0.16763186026668564,6.0434087770729725,6.113693633324276,6.086273806287096,3.586694014659833e-08,0.46374536348778417,9.413513532502905e-05,1.3790122973565853e-05,0.0,0.0,0.0,0.06658979415760269,282.7049661098315,-563.409932219663,-558.2758384984702,0.03729999151438835,AB_Q_WOB,0.4236569439067922,sub44
