,P_diff,congruency,hand,postError,block1,block2,block3,p_DIFF,CONGRUENCY,HAND,POSTeRROR,BLOCK1,BLOCK2,BLOCK3,rSquared,LLH,AIC,BIC,MSE,model,alpha,alpha_error,subject
0,-0.01653347119846165,0.04368278339042088,-0.0002143395118789776,0.08316331610304853,5.888915347303823,5.913781724309331,5.947736972703189,0.03358533200073028,0.011781145965124737,0.988452989474588,0.259959374548049,0.0,0.0,0.0,0.019775787942885592,-107.9659479782872,219.9318959565744,230.23329887175947,0.06935488349246045,AB_Q_E_WOB,1.0,0.5057685818819782,sub01
