,P_diff,congruency,hand,postError,block1,block2,block3,p_DIFF,CONGRUENCY,HAND,POSTeRROR,BLOCK1,BLOCK2,BLOCK3,rSquared,LLH,AIC,BIC,MSE,model,alpha,alpha_error,subject
0,-0.053133092057981585,0.012077756252562105,0.0489241242186097,0.16538647686196256,6.035848399432357,6.109113873388978,6.079715103392607,1.7637772267915558e-09,0.3499733711513221,7.682575276252721e-06,1.950765152485098e-05,0.0,0.0,0.0,0.07408021268407461,282.26529149027965,-560.5305829805593,-550.221352266732,0.03766904593969409,AB_Q_E_WOB,0.44789092072698433,0.0001,sub44
