,P_diff,congruency,hand,postError,block1,block2,block3,p_DIFF,CONGRUENCY,HAND,POSTeRROR,BLOCK1,BLOCK2,BLOCK3,rSquared,LLH,AIC,BIC,MSE,model,alpha,alpha_error,subject
0,-0.07557845772587284,0.010783933034992838,0.15049392525029495,-0.12872744078577336,5.983736567596962,6.07023650797392,6.031983446751634,0.031378926835745405,0.6667131241735188,2.5051863487570827e-09,0.05763028410710295,0.0,0.0,0.0,0.039187104811089,-774.4827533243715,1552.965506648743,1563.2621981365432,0.19787161092434466,AB_Q_E_WOB,0.24744017794593864,0.0001,sub07
