,P_diff,congruency,hand,postError,block1,block2,block3,p_DIFF,CONGRUENCY,HAND,POSTeRROR,BLOCK1,BLOCK2,BLOCK3,rSquared,LLH,AIC,BIC,MSE,model,alpha,subject
0,-0.04153784861371915,0.02560270430849923,-0.010169906652902239,0.06447840005051586,5.928852690373914,5.868087377346502,5.880715354571919,2.7286523424521827e-05,0.0861332162147537,0.4207692905242255,0.03524364799450532,0.0,0.0,0.0,0.03271788986836299,94.62528021006983,-187.25056042013966,-182.09907495623492,0.050479268455093075,AB_Q_WOB,0.49087522588568333,sub13
