,P_diff,congruency,hand,postError,block1,block2,block3,p_DIFF,CONGRUENCY,HAND,POSTeRROR,BLOCK1,BLOCK2,BLOCK3,rSquared,LLH,AIC,BIC,MSE,model,alpha,alpha_error,subject
0,-0.030709400400475192,0.016043139228888142,0.04996795788897307,0.10938488048180289,6.014410236384986,6.063635897720499,6.16238977489718,0.0007842554461302636,0.4290418664537756,0.004139941123348542,0.11016404065803367,0.0,0.0,0.0,0.053777924968055224,-311.6151284446846,627.2302568893692,637.528520086484,0.09553132646943559,AB_Q_E_WOB,1.0,0.12261934355609372,sub15
