,P_diff,congruency,hand,postError,block1,block2,block3,p_DIFF,CONGRUENCY,HAND,POSTeRROR,BLOCK1,BLOCK2,BLOCK3,rSquared,LLH,AIC,BIC,MSE,model,alpha,alpha_error,subject
0,-0.05700188399229324,0.05674918501581866,0.042557102407285496,0.004766225698546234,5.962233737273098,5.945881422765108,5.924254192765123,3.812149861424527e-11,4.110902314824594e-05,0.00028714667100450554,0.8646512831737891,0.0,0.0,0.0,0.07399178674681117,190.56673461830815,-377.1334692366163,-366.82423852278896,0.043472027690344535,AB_Q_E_WOB,0.5631183215542671,0.0001,sub37
