,P_diff,congruency,hand,postError,block1,block2,block3,p_DIFF,CONGRUENCY,HAND,POSTeRROR,BLOCK1,BLOCK2,BLOCK3,rSquared,LLH,AIC,BIC,MSE,model,alpha,alpha_error,subject
0,-0.0732584256687255,-0.019222843069772316,-0.0266876865457729,0.07100846827141194,6.045519799416276,6.059708926622859,6.013100577254059,1.0702672081810806e-23,0.07907948364691884,0.0036112535401414555,0.024706838704291106,0.0,0.0,0.0,0.11441286053907229,506.8153183407733,-1009.6306366815465,-999.3672396606128,0.026039689889733254,AB_Q_E_WOB,0.4906777531351023,0.19068760446357236,sub09
