,P_diff,congruency,hand,postError,block1,block2,block3,p_DIFF,CONGRUENCY,HAND,POSTeRROR,BLOCK1,BLOCK2,BLOCK3,rSquared,LLH,AIC,BIC,MSE,model,alpha,ccc,alpha_ccc,subject
0,-0.004826576247862757,0.02713237463284074,0.1154225696659951,0.04861883366981279,5.983527384683975,6.071652328263676,6.098129110534023,0.7637775942472201,0.03603624489115519,1.5579754275386363e-18,0.16209708484042187,0.0,0.0,0.0,0.10558956912207396,86.35198298716682,-166.70396597433364,-151.36942962484517,0.05085662389061172,AB_Q_alphaCCC_WOB,0.07633735650684052,-0.35385687065531435,0.6259691628321845,sub07
