,P_diff,congruency,hand,postError,block1,block2,block3,p_DIFF,CONGRUENCY,HAND,POSTeRROR,BLOCK1,BLOCK2,BLOCK3,rSquared,LLH,AIC,BIC,MSE,model,alpha,subject
0,-0.3723458137172727,0.011721449428833478,0.14903270170435834,-0.12946972768335868,5.982424389534465,6.0680419466634135,6.030441663687456,0.0008617676347059875,0.6386463596481435,3.1454536007050946e-09,0.055544956996437446,0.0,0.0,0.0,0.04409154470298837,-771.2279968852463,1544.4559937704926,1549.6043395143927,0.19686158137952517,SR_Q_WOB,0.04295264026324165,sub07
