,P_diff,congruency,hand,postError,block1,block2,block3,p_DIFF,CONGRUENCY,HAND,POSTeRROR,BLOCK1,BLOCK2,BLOCK3,rSquared,LLH,AIC,BIC,MSE,model,alpha,subject
0,-0.033795601200566974,0.01686716987165271,-0.003529434186716307,0.015604471065213843,6.060774909959028,5.986037992293244,6.012710542262763,0.0019682730647525644,0.39032084354956864,0.8312063876112546,0.5973221882529198,0.0,0.0,0.0,0.02347327768380958,-165.29390591017932,332.58781182035864,337.63358839723816,0.07808880383377796,AB_Q_WOB,0.7301998390037691,sub43
