,P_diff,congruency,hand,postError,block1,block2,block3,p_DIFF,CONGRUENCY,HAND,POSTeRROR,BLOCK1,BLOCK2,BLOCK3,rSquared,LLH,AIC,BIC,MSE,model,alpha,subject
0,-0.06001188677727143,0.03257381591545372,-0.018545653465283928,0.024128691120816226,5.926563175362989,5.91388616840481,5.880469893265339,1.6300961640951117e-08,0.0013239822058928787,0.06626343090820766,0.30302174742894983,0.0,0.0,0.0,0.052278882573106866,394.50599611375856,-787.0119922275171,-781.9160990064196,0.03045290677422941,AB_Q_WOB,0.36622409753345,sub24
