,P_diff,congruency,hand,postError,block1,block2,block3,p_DIFF,CONGRUENCY,HAND,POSTeRROR,BLOCK1,BLOCK2,BLOCK3,rSquared,LLH,AIC,BIC,MSE,model,alpha,alpha_error,subject
0,-0.046667077009515806,0.00742559968345792,-0.03714940807741075,0.08373971361974886,6.102300890036798,6.096412189500343,6.056758396199824,0.00017399581969253515,0.714375913085157,0.06747311694644226,0.5164149861909959,0.0,0.0,0.0,0.0162557187607546,-509.342518664246,1022.685037328492,1032.9848710007561,0.13025238654347954,AB_Q_E_WOB,0.8101359861261994,1.0,sub05
