,P_diff,congruency,hand,postError,block1,block2,block3,p_DIFF,CONGRUENCY,HAND,POSTeRROR,BLOCK1,BLOCK2,BLOCK3,rSquared,LLH,AIC,BIC,MSE,model,alpha,subject
0,-0.057198811341609035,0.00044881853807443584,-0.04079211876286151,-0.000985328270288216,5.957621137806418,6.038651484514101,5.978070317755362,2.4592418741778467e-14,0.9666744954807212,8.36288269941883e-06,0.9673228076768818,0.0,0.0,0.0,0.09966788149757355,508.7769259891247,-1015.5538519782494,-1010.3976753407688,0.026473770730485964,AB_Q_WOB,0.42661321471324526,sub40
