,P_diff,congruency,hand,postError,block1,block2,block3,p_DIFF,CONGRUENCY,HAND,POSTeRROR,BLOCK1,BLOCK2,BLOCK3,rSquared,LLH,AIC,BIC,MSE,model,alpha,subject
0,-0.03242669958848707,0.00679586249950731,-0.03386522584241124,0.02498428107263051,6.101379967347,6.094303669472525,6.057629581175629,0.002621047534666387,0.7381514564023712,0.09589508260984463,0.8465899255451056,0.0,0.0,0.0,0.012334054960246643,-511.8768497768492,1025.7536995536984,1030.9036163898306,0.13077163334242967,SR_Q_WOB,0.9469156395354277,sub05
