,P_diff,congruency,hand,postError,block1,block2,block3,p_DIFF,CONGRUENCY,HAND,POSTeRROR,BLOCK1,BLOCK2,BLOCK3,rSquared,LLH,AIC,BIC,MSE,model,alpha,subject
0,-0.0814243756633701,-0.016453255371652348,-0.02404389962350338,0.06191884429571398,6.042950815865584,6.059351535330859,6.009977418381842,7.651793151257609e-30,0.11824137894110914,0.0075709065845494875,0.0483142378975702,0.0,0.0,0.0,0.13068613341811797,527.1624964015248,-1052.3249928030496,-1047.171941168112,0.025659087054822297,SR_Q_WOB,0.5108924053391797,sub09
