,P_diff,congruency,hand,postError,block1,block2,block3,p_DIFF,CONGRUENCY,HAND,POSTeRROR,BLOCK1,BLOCK2,BLOCK3,rSquared,LLH,AIC,BIC,MSE,model,alpha,alpha_error,subject
0,-0.03996635929679665,0.021950347103912637,0.03331551879993881,0.10734609614617985,6.013427488421348,5.999044075797144,5.943408161108266,4.286293246612001e-08,0.07776649836328059,0.0016226680142801268,0.13716729791740226,0.0,0.0,0.0,0.05571001504220696,323.0085142794844,-642.0170285589688,-631.7093609558111,0.03533177862292281,AB_Q_E_WOB,0.6627804003840448,1.0,sub10
