,P_diff,congruency,hand,postError,block1,block2,block3,p_DIFF,CONGRUENCY,HAND,POSTeRROR,BLOCK1,BLOCK2,BLOCK3,rSquared,LLH,AIC,BIC,MSE,model,alpha,subject
0,-0.015422476260691646,0.006358606553322599,-0.027191969245524125,-0.007682971491871887,5.9027539742003325,5.864050943907133,5.936161426317469,0.0465128230788562,0.44321333744648905,0.0010608084883800355,0.7475954353705344,0.0,0.0,0.0,0.05067695990964205,631.3455648894728,-1260.6911297789457,-1255.5333942946957,0.021899721194465725,AB_Q_WOB,0.4679343703886337,sub25
