,P_diff,congruency,hand,postError,block1,block2,block3,p_DIFF,CONGRUENCY,HAND,POSTeRROR,BLOCK1,BLOCK2,BLOCK3,rSquared,LLH,AIC,BIC,MSE,model,alpha,subject
0,-0.00256733402670499,-0.01948964679108875,-0.006071242534840038,-0.05208201901612075,5.973899973670942,6.116661441501218,6.118845738482336,0.8827049896905006,0.4636801871582166,0.7873980965825087,0.306577165944047,0.0,0.0,0.0,0.031517680740419385,-623.6843171445294,1249.3686342890587,1254.5059127263191,0.1578155910990904,SR_Q_WOB,0.4992048028480295,sub42
