,P_diff,congruency,hand,postError,block1,block2,block3,p_DIFF,CONGRUENCY,HAND,POSTeRROR,BLOCK1,BLOCK2,BLOCK3,rSquared,LLH,AIC,BIC,MSE,model,alpha,alpha_error,ccc,alpha_ccc,subject
0,0.07668757570271201,-0.11414162863186003,0.14426367176249974,-0.13531020668851051,6.054268231942997,6.138535821901766,6.100189029790516,0.015965462559554108,0.05028788284084811,1.1099071225835974e-08,0.04591288846037889,0.0,0.0,0.0,0.04007916534331879,-773.8919889404535,1555.783977880907,1576.3773608565073,0.1969565000365119,AB_Q_E_alphaCCC_WOB,0.32483526791816,0.0001,-0.6533814343749851,0.011544538740926428,sub07
