,P_diff,congruency,hand,postError,block1,block2,block3,p_DIFF,CONGRUENCY,HAND,POSTeRROR,BLOCK1,BLOCK2,BLOCK3,rSquared,LLH,AIC,BIC,MSE,model,alpha,subject
0,0.03307354167978371,-0.030259829256649468,-0.006257450280001894,-0.05084263441629139,5.9729578414140105,6.113789455428974,6.121129343754968,0.2795791014850516,0.2735077723731429,0.7809398186337496,0.3179556785848866,0.0,0.0,0.0,0.03240588089841445,-623.1071933001363,1248.2143866002725,1253.351665037533,0.15767085760243163,AB_Q_WOB,0.017791294308174013,sub42
