,P_diff,congruency,hand,postError,block1,block2,block3,p_DIFF,CONGRUENCY,HAND,POSTeRROR,BLOCK1,BLOCK2,BLOCK3,rSquared,LLH,AIC,BIC,MSE,model,alpha,subject
0,-0.0400916149051474,0.04344035464610002,0.03488982266009327,-0.13927740333425603,5.927101716527105,5.9612398541710006,5.916869146003834,9.219458832203595e-05,0.05728015230083339,0.07470246259030426,0.010075246626979666,0.0,0.0,0.0,0.019783916961149117,-464.7163257322354,931.4326514644708,936.5857030994083,0.12116264401212745,AB_Q_WOB,1.0,sub45
