,P_diff,congruency,hand,postError,block1,block2,block3,p_DIFF,CONGRUENCY,HAND,POSTeRROR,BLOCK1,BLOCK2,BLOCK3,rSquared,LLH,AIC,BIC,MSE,model,alpha,subject
0,-0.08194365505073851,-0.035543741528684364,0.023178567819744034,-0.43490405666773024,5.993407742668061,5.880398537422997,5.961052183359838,0.0027992657524219633,0.23266351533238488,0.4367576343685251,2.7891005579351903e-09,0.0,0.0,0.0,0.04210204183551547,-995.0556622241387,1992.1113244482774,1997.2596701921775,0.2798996484672855,SR_Q_WOB,0.46292655061229443,sub30
