,P_diff,congruency,hand,postError,block1,block2,block3,p_DIFF,CONGRUENCY,HAND,POSTeRROR,BLOCK1,BLOCK2,BLOCK3,rSquared,LLH,AIC,BIC,MSE,model,alpha,subject
0,-0.03410098894756683,0.019184641729656143,0.03353383317843413,0.11033447987172684,6.0234385481288335,6.08957640963518,6.1699704224287135,2.6007540264406018e-05,0.1536534704832385,0.003261507071961493,0.01830990276943122,0.0,0.0,0.0,0.10636193780976722,235.0933197742238,-468.1866395484476,-463.05414199678756,0.04021860817406052,AB_Q_WOB,0.6192006486346519,sub15
