,P_diff,congruency,hand,postError,block1,block2,block3,p_DIFF,CONGRUENCY,HAND,POSTeRROR,BLOCK1,BLOCK2,BLOCK3,rSquared,LLH,AIC,BIC,MSE,model,alpha,alpha_error,subject
0,-0.030443908466238852,-0.012400813339980624,0.03449224502035282,0.0947898837741376,5.963033333592593,5.970430732510579,5.9882759012410895,1.8803036861608936e-08,0.23138499514325525,8.701955542257782e-05,0.00016563382661472596,0.0,0.0,0.0,0.05772404176320112,564.6509071695486,-1125.3018143390973,-1115.0690260509105,0.023411728845574662,AB_Q_E_WOB,0.8060746091044734,0.2888011129316567,sub45
