,P_diff,congruency,hand,postError,block1,block2,block3,p_DIFF,CONGRUENCY,HAND,POSTeRROR,BLOCK1,BLOCK2,BLOCK3,rSquared,LLH,AIC,BIC,MSE,model,alpha,subject
0,-0.05652251551720788,0.011072163739483706,-0.038415900937561864,0.0042191406242368945,5.957137338684337,6.02960792414693,5.972781904927211,1.1470997111624047e-13,0.3106914025379884,2.3843034252049834e-05,0.8615673122042993,0.0,0.0,0.0,0.10210402022651632,521.3099550659604,-1040.6199101319207,-1035.5018939274555,0.025152754826815643,AB_Q_WOB,0.40731176130341745,sub40
