,P_diff,congruency,hand,postError,block1,block2,block3,p_DIFF,CONGRUENCY,HAND,POSTeRROR,BLOCK1,BLOCK2,BLOCK3,rSquared,LLH,AIC,BIC,MSE,model,alpha,subject
0,-0.06016000516570512,0.03548736519230761,0.026652966571576453,-0.057542069451099076,5.955513454192548,5.985309325267069,5.977567073989624,3.064626812891759e-11,0.010563863971065643,0.020018742295582048,0.028328453934663052,0.0,0.0,0.0,0.06737978377412834,251.0698787209451,-500.1397574418902,-495.0698833134316,0.03820202875268967,SR_Q_WOB,0.49800286062500904,sub38
