,P_diff,congruency,hand,postError,block1,block2,block3,p_DIFF,CONGRUENCY,HAND,POSTeRROR,BLOCK1,BLOCK2,BLOCK3,rSquared,LLH,AIC,BIC,MSE,model,alpha,alpha_error,ccc,alpha_ccc,subject
0,-0.056731659709363336,0.026359976097464363,0.032975228593732725,0.09478281585287229,6.014742694073667,6.002582703952391,5.944645211961827,1.6414524128688295e-08,0.03639260510963628,0.001825142443075386,0.18985320497824185,0.0,0.0,0.0,0.05744445924658104,323.9463822164025,-639.892764432805,-619.3025273480472,0.03516769156534114,AB_Q_E_alphaCCC_WOB,0.3047167460996524,0.8473857820664521,-0.7094613318533225,0.3406435786100717,sub10
