,P_diff,congruency,hand,postError,block1,block2,block3,p_DIFF,CONGRUENCY,HAND,POSTeRROR,BLOCK1,BLOCK2,BLOCK3,rSquared,LLH,AIC,BIC,MSE,model,alpha,subject
0,-0.031767593803778374,0.037852281148609876,-0.00991369518262504,0.06305694741277701,5.713394872804217,5.727885926406029,5.7203274266580175,2.0386834273605832e-07,1.1692534499230831e-08,0.13325210722700817,0.028002052253894558,0.0,0.0,0.0,0.05314412233815202,918.5606082138934,-1835.1212164277867,-1829.9855290807586,0.013561055040652237,AB_Q_WOB,0.46390351430184773,sub29
