,P_diff,congruency,hand,postError,block1,block2,block3,p_DIFF,CONGRUENCY,HAND,POSTeRROR,BLOCK1,BLOCK2,BLOCK3,rSquared,LLH,AIC,BIC,MSE,model,alpha,alpha_error,subject
0,-0.013102735957417844,0.006329122182044872,-0.027179931789089826,-0.0061717932591572044,5.90268374335573,5.864092897271861,5.936232888425751,0.043956166507649115,0.4453284110562412,0.0010657536100301475,0.7961567919794169,0.0,0.0,0.0,0.05074784602584126,631.3935049307875,-1258.787009861575,-1248.4715388930751,0.02189808593841574,AB_Q_E_WOB,0.5815276822703176,0.916185336446243,sub25
