,P_diff,congruency,hand,postError,block1,block2,block3,p_DIFF,CONGRUENCY,HAND,POSTeRROR,BLOCK1,BLOCK2,BLOCK3,rSquared,LLH,AIC,BIC,MSE,model,alpha,alpha_error,subject
0,-0.041226591188095796,0.04371169410652884,0.03495491238156195,-0.13985698478571457,5.927202644013462,5.961463734050348,5.916809663083168,9.128390002075303e-05,0.055840533203784924,0.07415840084775406,0.009787757484869227,0.0,0.0,0.0,0.01979838458008565,-464.70689426412787,933.4137885282557,943.7198917981307,0.12116085569875716,AB_Q_E_WOB,0.9655300879651392,1.0,sub45
