,P_diff,congruency,hand,postError,block1,block2,block3,p_DIFF,CONGRUENCY,HAND,POSTeRROR,BLOCK1,BLOCK2,BLOCK3,rSquared,LLH,AIC,BIC,MSE,model,alpha,subject
0,-0.0388267983597317,-0.007876675964154728,0.026361376412955613,0.10457899927951991,5.991345500971289,6.019461570182564,6.064227444148036,1.3506713577880464e-05,0.6914414907906709,0.12252433245900857,0.014738164205665812,0.0,0.0,0.0,0.03212273763285167,-290.8057348103182,583.6114696206364,588.7653034222152,0.09226062369057965,AB_Q_WOB,1.0,sub20
