,P_diff,congruency,hand,postError,block1,block2,block3,p_DIFF,CONGRUENCY,HAND,POSTeRROR,BLOCK1,BLOCK2,BLOCK3,rSquared,LLH,AIC,BIC,MSE,model,alpha,subject
0,-0.04768368126666567,0.023414922259130055,0.03312980782128339,0.16171881816242628,6.015391081587292,6.001421900293657,5.947885003699618,2.4828220725618746e-09,0.05962942297782041,0.0017106346698692503,0.02354358833278255,0.0,0.0,0.0,0.06018133965685424,325.7943556165055,-649.588711233011,-644.4411519618216,0.035065575813952254,SR_Q_WOB,0.5367732058465563,sub10
