,P_diff,congruency,hand,postError,block1,block2,block3,p_DIFF,CONGRUENCY,HAND,POSTeRROR,BLOCK1,BLOCK2,BLOCK3,rSquared,LLH,AIC,BIC,MSE,model,alpha,subject
0,-0.06518393740560904,0.04908770699826431,0.035719841822944215,-0.1168945901421174,5.927297736317023,5.962585263976758,5.915573020060478,0.0008552158858769919,0.0350692288031653,0.06849682337252445,0.03017686055814846,0.0,0.0,0.0,0.01655924450309254,-466.81503006034154,935.6300601206831,940.7831117556206,0.1215612396350855,SR_Q_WOB,0.21634698563169563,sub45
