,P_diff,congruency,hand,postError,block1,block2,block3,p_DIFF,CONGRUENCY,HAND,POSTeRROR,BLOCK1,BLOCK2,BLOCK3,rSquared,LLH,AIC,BIC,MSE,model,alpha,alpha_error,subject
0,-0.03431530112488712,0.037983482958555956,-0.009714077714084682,0.061854222397238756,5.7132502168891595,5.727792622321555,5.720106500651097,1.0168137054290627e-07,1.0228372860864473e-08,0.14109460771165552,0.030910180802258547,0.0,0.0,0.0,0.05416408782703197,919.2374626203668,-1834.4749252407337,-1824.2035505466774,0.013546446895160193,AB_Q_E_WOB,0.430656881116089,9.999999999998899e-05,sub29
