,P_diff,congruency,hand,postError,block1,block2,block3,p_DIFF,CONGRUENCY,HAND,POSTeRROR,BLOCK1,BLOCK2,BLOCK3,rSquared,LLH,AIC,BIC,MSE,model,alpha,subject
0,-26.789194580678142,-7.288012379257125,-5.085257976780257,83.51995419398438,411.82483831730553,400.41228069653334,389.3128684755229,2.525368816520453e-22,0.04725047539611088,0.10012485121468509,1.9576382500007824e-06,0.0,0.0,0.0,0.11590893260996937,-6882.384832993288,13766.769665986576,13771.91565045429,3008.103656564355,AB_Q_WOB,0.36108306312901334,sub02
