,P_diff,congruency,hand,postError,block1,block2,block3,p_DIFF,CONGRUENCY,HAND,POSTeRROR,BLOCK1,BLOCK2,BLOCK3,rSquared,LLH,AIC,BIC,MSE,model,alpha,subject
0,-7.827334102967201,29.941909879304653,5.163970264269855,33.430589071187406,362.1850387159177,364.2331272221617,371.62249418215015,0.0776963967044528,5.5298032814613716e-06,0.4314559442297029,0.02014894983640693,3.9652311024588525e-276,9.212972814962384e-287,1.8585306330171731e-301,0.026316716073840563,-7079.201494323451,14160.402988646902,14165.454844269858,12338.509443442035,AB_Q_WOB,0.6980582495702722,sub08
