,P_diff,congruency,hand,postError,block1,block2,block3,p_DIFF,CONGRUENCY,HAND,POSTeRROR,BLOCK1,BLOCK2,BLOCK3,rSquared,LLH,AIC,BIC,MSE,model,alpha,ccc,alpha_ccc,subject
0,-28.128236670636607,8.676782700427134,14.642168166281081,52.75247345904364,416.6808684977366,411.08105249994367,388.6566530517156,6.154877335979486e-09,0.10684382171721296,0.0014416398338536153,0.0906649651143737,0.0,0.0,0.0,0.05526345189146287,-7395.894749978097,14797.789499956194,14813.232177769762,6634.493243795871,AB_Q_alphaCCC_WOB,0.1812301018417478,-0.24886001080971032,0.550360903539205,sub10
