,P_diff,congruency,hand,postError,block1,block2,block3,p_DIFF,CONGRUENCY,HAND,POSTeRROR,BLOCK1,BLOCK2,BLOCK3,rSquared,LLH,AIC,BIC,MSE,model,alpha,subject
0,-8.2367500614237,0.47675596989327107,13.552092864299984,12.964987487705022,338.18704205770234,325.5588025064522,316.24752094126904,2.1837124801179085e-08,0.8702618806065641,3.852030278251006e-06,0.10010226871860613,0.0,0.0,0.0,0.07069491435277797,-6599.465577724962,13200.931155449924,13206.048360953087,2609.338906596579,AB_Q_WOB,1.0,sub23
