,P_diff,congruency,hand,postError,block1,block2,block3,p_DIFF,CONGRUENCY,HAND,POSTeRROR,BLOCK1,BLOCK2,BLOCK3,rSquared,LLH,AIC,BIC,MSE,model,alpha,subject
0,-2.522552398237152,20.896278651618395,37.183862403100036,14.686855068769411,368.02243592781656,364.6519829903689,377.1733123636942,0.23849800090250023,1.4777679746026554e-05,1.812520979129489e-19,0.17886831847396617,0.0,0.0,0.0,0.08615974900196333,-6947.977125002641,13897.954250005281,13903.064129468354,4989.179431383179,AB_Q_WOB,1.0,sub04
