,P_diff,congruency,hand,postError,block1,block2,block3,p_DIFF,CONGRUENCY,HAND,POSTeRROR,BLOCK1,BLOCK2,BLOCK3,rSquared,LLH,AIC,BIC,MSE,model,alpha,subject
0,-15.349798547837743,8.51337866179135,14.386494345438663,52.48618107783631,416.3352331043314,410.97774989627646,388.41928258312794,8.025872974507134e-08,0.11486373073964097,0.0017782376234497875,0.09323321051554619,0.0,0.0,0.0,0.05152853605258567,-7398.4021787230795,14798.804357446159,14803.951916717348,6660.72201031666,AB_Q_WOB,0.790821942948454,sub10
