,P_diff,congruency,hand,postError,block1,block2,block3,p_DIFF,CONGRUENCY,HAND,POSTeRROR,BLOCK1,BLOCK2,BLOCK3,rSquared,LLH,AIC,BIC,MSE,model,alpha,subject
0,-29.49640350940942,21.539980018637443,20.76232750068754,-5.3415426147068565,395.89535363345306,393.3034008665593,384.6940703897259,3.8951678954430696e-10,0.00012739924147451442,4.710527202744142e-06,0.6242164031957396,0.0,0.0,0.0,0.08501516982262636,-7041.4686551687255,14084.937310337451,14090.042275785721,6151.608288805571,AB_Q_WOB,0.18671844763445508,sub37
