,P_diff,congruency,hand,postError,block1,block2,block3,p_DIFF,CONGRUENCY,HAND,POSTeRROR,BLOCK1,BLOCK2,BLOCK3,rSquared,LLH,AIC,BIC,MSE,model,alpha,subject
0,-25.494583891211132,0.32099322270957487,41.24869777838533,-22.746449914618772,393.21742965711087,388.2269958837072,402.7339108921732,1.5306953333118423e-05,0.9653557170839737,2.0587971033296952e-11,0.026665803531517877,5.0589710125550474e-275,0.0,1.4284032858639098e-273,0.05973949115747734,-6902.068023059349,13806.136046118698,13811.17570646856,10513.355464485521,AB_Q_WOB,0.25385956148102123,sub19
