,P_diff,congruency,hand,postError,block1,block2,block3,p_DIFF,CONGRUENCY,HAND,POSTeRROR,BLOCK1,BLOCK2,BLOCK3,rSquared,LLH,AIC,BIC,MSE,model,alpha,subject
0,-24.533897491387833,15.27324363767249,10.914696339643484,-24.37968818787909,393.2152305596878,404.6080812737566,404.0381661156207,2.2960596821341474e-10,0.009569703065004168,0.024861001876909587,0.028666688225008143,0.0,0.0,0.0,0.06282167684067863,-6865.059279494284,13732.118558988568,13737.188433117026,6887.020396153674,SR_Q_WOB,0.48934039389110723,sub38
