,P_diff,congruency,hand,postError,block1,block2,block3,p_DIFF,CONGRUENCY,HAND,POSTeRROR,BLOCK1,BLOCK2,BLOCK3,rSquared,LLH,AIC,BIC,MSE,model,alpha,subject
0,-21.081665128260127,0.38612735301304646,40.74798981665809,-19.968000748574816,392.77632239009654,386.37901780565295,401.70304153791886,0.0003587679715595637,0.9588817622865401,3.9291313892309547e-11,0.05147125473468722,7.368994131409107e-274,0.0,4.0258612531133454e-272,0.05477974292154253,-6905.069425084871,13812.138850169742,13817.178510519605,10568.81200629319,SR_Q_WOB,0.2634426665479741,sub19
