,P_diff,congruency,hand,postError,block1,block2,block3,p_DIFF,CONGRUENCY,HAND,POSTeRROR,BLOCK1,BLOCK2,BLOCK3,rSquared,LLH,AIC,BIC,MSE,model,alpha,subject
0,-18.90815712126258,9.081705504293987,14.382983145755173,71.50561310976707,416.683984622974,411.5956046002143,390.171973487065,3.983045161076803e-08,0.09334430406754152,0.001772677003829204,0.021531991873197383,0.0,0.0,0.0,0.052547302594075807,-7397.719212375978,14797.438424751956,14802.585984023144,6653.567635109597,SR_Q_WOB,0.5499516261071146,sub10
