,P_diff,congruency,hand,postError,block1,block2,block3,p_DIFF,CONGRUENCY,HAND,POSTeRROR,BLOCK1,BLOCK2,BLOCK3,rSquared,LLH,AIC,BIC,MSE,model,alpha,subject
0,-22.660261629968915,3.486737732986356,-15.837635501632368,2.2576943284457585,392.3700091773431,421.9488682791866,398.71626598502536,1.7179387620752616e-13,0.42455619785011756,1.309031412149167e-05,0.8153564252953176,0.0,0.0,0.0,0.10180093430424786,-6870.873924988985,13743.74784997797,13748.865866182436,4016.0785630242267,AB_Q_WOB,0.39464540636361806,sub40
