,P_diff,congruency,hand,postError,block1,block2,block3,p_DIFF,CONGRUENCY,HAND,POSTeRROR,BLOCK1,BLOCK2,BLOCK3,rSquared,LLH,AIC,BIC,MSE,model,alpha,subject
0,-10.522839511844811,6.822671985107955,-5.56742339880647,-38.236999599336684,429.56919261182696,458.137419336187,430.51728179454335,0.017241218867671274,0.4306222702043213,0.4513145974244285,0.009262416543897117,1.402789820531726e-253,0.0,9.64601406482127e-254,0.015678825853829292,-7953.5528914723845,15909.105782944769,15914.247819519476,17100.423723972224,AB_Q_WOB,0.8428465178837607,sub18
