,P_diff,congruency,hand,postError,block1,block2,block3,p_DIFF,CONGRUENCY,HAND,POSTeRROR,BLOCK1,BLOCK2,BLOCK3,rSquared,LLH,AIC,BIC,MSE,model,alpha,subject
0,-33.11469422980912,-6.145832617522446,13.425901647595882,-5.846582240095508,511.8220508631907,530.6497483213243,495.4685560348926,2.4276015364380656e-09,0.6012933885461165,0.1850511643496635,0.8913799965344908,3.7577936999129054e-286,3.5700808338211337e-221,7.367928785171451e-275,0.03545452056687515,-8374.895665690403,16751.791331380806,16756.935738561126,32278.71932671816,SR_Q_WOB,0.9407147784586939,sub36
