,P_diff,congruency,hand,postError,block1,block2,block3,p_DIFF,CONGRUENCY,HAND,POSTeRROR,BLOCK1,BLOCK2,BLOCK3,rSquared,LLH,AIC,BIC,MSE,model,alpha,subject
0,-20.915472159093625,-11.379549278041576,8.160593249864338,12.592092091390448,493.38826933284383,514.35371151882,502.0726814046667,4.154715002926375e-05,0.11273611906839574,0.17887500913154603,0.550748098632984,0.0,0.0,0.0,0.029250187855216825,-7783.785175435066,15569.570350870132,15574.721836334036,11642.449964865864,AB_Q_WOB,0.41103497601978567,sub46
