,P_diff,congruency,hand,postError,block1,block2,block3,p_DIFF,CONGRUENCY,HAND,POSTeRROR,BLOCK1,BLOCK2,BLOCK3,rSquared,LLH,AIC,BIC,MSE,model,alpha,alpha_error,subject
0,-7.2365513621082505,21.170860363695525,8.421748340371874,-48.4751915550164,342.446314271412,360.1988895085922,369.09314109600064,0.20457087054702858,0.009372544423875554,0.30078240223514136,0.001681673881895029,2.8410924119873626e-201,1.8204493847848143e-219,1.1569794700175369e-233,0.0232033159738545,-8034.446473911502,16072.892947823004,16083.167504697525,20650.35432813682,AB_Q_E_WOB,0.6269700531289206,1.0,sub08
