,P_diff,congruency,hand,postError,block1,block2,block3,p_DIFF,CONGRUENCY,HAND,POSTeRROR,BLOCK1,BLOCK2,BLOCK3,rSquared,LLH,AIC,BIC,MSE,model,alpha,subject
0,-6.326790706333128,3.082563665556023,4.57692994421808,-9.014690431988829,325.47471559108806,338.38745279757507,335.8154898521804,3.6401463715142395e-05,0.36921786208069696,0.11870341719126123,0.25883333534009345,0.0,0.0,0.0,0.024779164717085078,-6875.021604792004,13752.043209584008,13757.197043385586,2731.874036974557,SR_Q_WOB,1.0,sub17
