,P_diff,congruency,hand,postError,block1,block2,block3,p_DIFF,CONGRUENCY,HAND,POSTeRROR,BLOCK1,BLOCK2,BLOCK3,rSquared,LLH,AIC,BIC,MSE,model,alpha,alpha_error,subject
0,-29.825826775381238,-6.934860859797714,-10.412586326098312,29.870072866625712,426.9519052955357,433.5896140009727,414.1084376562204,9.45452517611941e-23,0.13154191492704395,0.007871732089022757,0.02862621809697915,0.0,0.0,0.0,0.10417300862210643,-7237.625145257813,14479.250290515625,14489.5563937855,4859.1065321716615,AB_Q_E_WOB,0.519760991981157,0.31782117517475367,sub09
