,P_diff,congruency,hand,postError,block1,block2,block3,p_DIFF,CONGRUENCY,HAND,POSTeRROR,BLOCK1,BLOCK2,BLOCK3,rSquared,LLH,AIC,BIC,MSE,model,alpha,alpha_error,subject
0,-23.459831317108268,-11.487779071654543,8.273570468192055,1.9065973470718092,493.63781635893463,514.3393737930835,502.5191777331292,1.9133418699892077e-05,0.10815580528174122,0.17271421151080865,0.9286982101645045,0.0,0.0,0.0,0.030377771702855605,-7783.043669619913,15570.087339239826,15580.390310167635,11628.926564344416,AB_Q_E_WOB,0.29376783577247895,1.0,sub46
