,P_diff,congruency,hand,postError,block1,block2,block3,p_DIFF,CONGRUENCY,HAND,POSTeRROR,BLOCK1,BLOCK2,BLOCK3,rSquared,LLH,AIC,BIC,MSE,model,alpha,subject
0,-21.871315403230216,-2.065890844474657,-13.197764620810984,-18.10996136656969,421.93138648828483,423.8078534987651,434.046812362612,5.6547910742598516e-11,0.6454952429943597,0.003339524210149607,0.2944040681183829,0.0,0.0,0.0,0.04464656583111426,-7394.745352702996,14791.490705405991,14796.641406863584,6385.1067477717115,SR_Q_WOB,0.6364458949093541,sub22
