,P_diff,congruency,hand,postError,block1,block2,block3,p_DIFF,CONGRUENCY,HAND,POSTeRROR,BLOCK1,BLOCK2,BLOCK3,rSquared,LLH,AIC,BIC,MSE,model,alpha,subject
0,-24.808351584025807,12.964901306496406,-8.476240973061666,2.515742657269881,379.033806623337,378.0623812146941,362.2130852195002,3.0130149396050267e-15,0.0009267071926199426,0.030365410813849823,0.7803417634558634,0.0,0.0,0.0,0.06972002814180467,-7205.074740078537,14412.149480157073,14417.29861175563,4826.889583247975,SR_Q_WOB,0.5743591050155992,sub24
