,P_diff,congruency,hand,postError,block1,block2,block3,p_DIFF,CONGRUENCY,HAND,POSTeRROR,BLOCK1,BLOCK2,BLOCK3,rSquared,LLH,AIC,BIC,MSE,model,alpha,subject
0,-5.653922336371819,-6.7994730491752335,7.239755980555099,-29.548719178451062,426.80931200327973,390.6404674846608,391.9225987838181,0.011333708638230019,0.16716176954360468,0.087663988347883,0.012500201088663569,0.0,0.0,0.0,0.05274560672866446,-7357.14343749212,14716.28687498424,14721.442271286136,5702.646689403222,AB_Q_WOB,0.9919332784610412,sub47
