,P_diff,congruency,hand,postError,block1,block2,block3,p_DIFF,CONGRUENCY,HAND,POSTeRROR,BLOCK1,BLOCK2,BLOCK3,rSquared,LLH,AIC,BIC,MSE,model,alpha,subject
0,-14.814508319122577,15.029801347025677,19.152172123441503,55.39344660593919,414.6543237138013,441.85979850229796,488.9927702455306,5.141142867490973e-07,0.02267818883071216,0.0007327903709889221,0.01293243704182388,0.0,0.0,0.0,0.11486660607397581,-7675.616761649966,15353.233523299932,15358.382654898489,10109.41375310372,SR_Q_WOB,1.0,sub15
