,P_diff,congruency,hand,postError,block1,block2,block3,p_DIFF,CONGRUENCY,HAND,POSTeRROR,BLOCK1,BLOCK2,BLOCK3,rSquared,LLH,AIC,BIC,MSE,model,alpha,subject
0,-11.623746822305934,10.467092738559538,19.72491972364504,-0.07773249876156285,361.8732352622917,349.7048834466067,374.86515154704205,4.028664793347009e-05,0.053372403258808154,2.1733984385245562e-05,0.9958129422325916,0.0,0.0,0.0,0.04239904287658913,-7451.20072696802,14904.40145393604,14909.554505570977,6787.540601710968,AB_Q_WOB,0.8044823537890582,sub33
