,P_diff,congruency,hand,postError,block1,block2,block3,p_DIFF,CONGRUENCY,HAND,POSTeRROR,BLOCK1,BLOCK2,BLOCK3,rSquared,LLH,AIC,BIC,MSE,model,alpha,subject
0,-21457.036196669993,9.6540946831457,8.88774389800215,-50.29760713149674,346.9498552038686,364.70801489962645,373.4573468329262,0.0024261214153285175,0.2808057626976695,0.2729469925728653,0.0010816065561932086,9.277427544919905e-202,6.771245294285557e-220,6.899517529411072e-234,0.029111030697781204,-8030.630700097073,16063.261400194146,16068.398678631405,20525.459331500446,AB_Q_WOB,0.0001,sub08
