,P_diff,congruency,hand,postError,block1,block2,block3,p_DIFF,CONGRUENCY,HAND,POSTeRROR,BLOCK1,BLOCK2,BLOCK3,rSquared,LLH,AIC,BIC,MSE,model,alpha,subject
0,-24.503817575721527,0.5458667356792999,-0.03236516975452286,-24.454588165972766,399.77020687446225,381.2092692814227,394.85819557009296,1.894249930759036e-06,0.9157901899535211,0.9950071947020863,0.05242747955242104,0.0,0.0,0.0,0.027247205237600047,-7552.652155436339,15107.304310872678,15112.452656616579,8411.55951610593,AB_Q_WOB,0.39930135965385194,sub30
