basic,error,same_CCC,diff_CCC
11760.830316031128,11759.84032724029,11752.089632817986,11751.597406923947
