basic,error,same_CCC,diff_CCC
12186.135156533372,12186.953912925115,12180.253842001144,12181.822220702708
