basic,error,same_CCC,diff_CCC
12093.894413089112,12093.431332541062,12086.453105823013,12083.189812138044
