basic,error,same_CCC,diff_CCC
12069.295147684834,12069.067658644246,12064.590611970973,12059.128450528851
