basic,error,same_CCC,diff_CCC
12636.594211930802,12636.607732445174,12627.177586731377,12626.14669640428
