basic,error,same_CCC,diff_CCC
11638.728194759784,11638.586618204035,11631.135905875342,11629.378632960112
