basic,error,same_CCC,diff_CCC
12464.701983548008,12462.85981604698,12466.057979443118,12462.184300568824
