basic,error,same_CCC,diff_CCC
10998.802860229844,10996.794441676959,10997.931939057877,10997.313582182569
