basic,error,same_CCC,diff_CCC
12302.885802775336,12300.851363062606,12296.418529106655,12294.534858246187
