basic,error,same_CCC,diff_CCC
12319.078874415716,12318.264768236892,12313.246185525408,12310.600277726964
