basic,error,same_CCC,diff_CCC
11855.761316889664,11855.987415371965,11854.953444768104,11849.87002856327
