basic,error,same_CCC,diff_CCC
12245.107284269017,12244.436727465245,12235.323758467026,12237.54686693746
