basic,error,same_CCC,diff_CCC
10691.829647559016,10692.593823665991,10688.74556146913,10678.108113147548
