single_alpha,single_alpha_no_decay,no_decay,basic,error,same_CCC,diff_CCC
11565.752261830752,11575.540206944572,11572.86319674054,11531.944164921784,11533.303804327383,11532.22589251902,11531.576257282642
