single_alpha,single_alpha_no_decay,no_decay,basic,error,same_CCC,diff_CCC
12432.932254647287,12448.494463525165,12440.204066098999,12417.44034050569,12415.33045171211,12409.378070016764,12403.849011702485
