single_alpha,single_alpha_no_decay,no_decay,basic,error,same_CCC,diff_CCC
11478.762908213223,11501.930198748752,11499.827738636763,11478.129285038056,11477.414204918021,11471.477137738117,11464.026043068467
