single_alpha,single_alpha_no_decay,no_decay,basic,error,same_CCC,diff_CCC
11478.762278243745,11501.930198748752,11499.827738636763,11478.12404801753,11477.38973917682,11472.265453925176,11461.754080590958
