single_alpha,single_alpha_no_decay,no_decay,basic,error,same_CCC,diff_CCC
11697.388119810004,11709.13439954984,11706.562065188706,11695.126658892712,11694.787678028533,11691.908417799177,11690.045715587225
