single_alpha,single_alpha_no_decay,no_decay,basic,error,same_CCC,diff_CCC
11762.251072834288,11773.65234187063,11773.445840143824,11760.824937978048,11759.749459988134,11748.548733065258,11749.928135283864
