single_alpha,single_alpha_no_decay,no_decay,basic,error,same_CCC,diff_CCC
12637.769618156697,12641.270352076233,12636.141914364098,12626.521850503254,12626.287588288638,12620.951295511655,12620.296285386497
