single_alpha,single_alpha_no_decay,no_decay,basic,error,same_CCC,diff_CCC
11468.728727234331,11481.449514459206,11464.89892458849,11453.493859294078,11441.871417550521,11418.999895483414,11404.21627363385
