single_alpha,single_alpha_no_decay,no_decay,basic,error,same_CCC,diff_CCC
11762.251125762692,11773.65234187063,11773.445840143824,11760.81856699646,11759.83855431639,11750.21146089712,11750.541741305187
