single_alpha,single_alpha_no_decay,no_decay,basic,error,same_CCC,diff_CCC
11718.113833444697,11723.647033811605,11723.005831809318,11715.473037789156,11714.019277074325,11708.756159733675,11706.780476251382
