single_alpha,single_alpha_no_decay,no_decay,basic,error,same_CCC,diff_CCC
11565.64261616143,11575.540206944572,11572.86319674054,11532.890631033413,11540.315167539851,11534.99565424023,11530.540149722547
