single_alpha,single_alpha_no_decay,no_decay,basic,error,same_CCC,diff_CCC
11718.113833444697,11723.647033811605,11723.075442295141,11715.505653612747,11713.977037975132,11710.891429869453,11707.278836265657
