single_alpha,single_alpha_no_decay,no_decay,basic,error,same_CCC,diff_CCC
11468.731612558573,11481.449514459206,11464.89892458849,11453.491447150067,11441.715340450963,11422.865773585108,11417.562275503007
