single_alpha,single_alpha_no_decay,no_decay,basic,error,same_CCC,diff_CCC
12119.945462621525,12130.886589648293,12108.810125456175,12093.744330481426,12093.221922840465,12083.287509620433,12086.637516480781
