single_alpha,single_alpha_no_decay,no_decay,basic,error,same_CCC,diff_CCC
12116.757891205725,12130.886589648293,12108.810125456175,12093.775409972812,12093.201760048403,12084.887096752123,12082.665076809159
