single_alpha,single_alpha_no_decay,no_decay,basic,error,same_CCC,diff_CCC
10600.286289227406,10621.036895921503,10610.535545211891,10577.600788733584,10577.396780592971,10571.986923818191,10567.140059711375
