single_alpha,single_alpha_no_decay,no_decay,basic,error,same_CCC,diff_CCC
11951.069474779872,11951.592970409893,11937.625405772591,11932.969824729262,11932.763308255755,11920.364180871135,11921.104718576795
