single_alpha,single_alpha_no_decay,no_decay,basic,error,same_CCC,diff_CCC
12464.936507028884,12544.464343456992,12533.676935395873,12433.403157192106,12435.433459625136,12433.204175954099,12433.681234750897
