single_alpha,single_alpha_no_decay,no_decay,basic,error,same_CCC,diff_CCC
12191.186655377724,12205.09350803636,12201.811431187985,12186.142034928129,12186.951248533851,12181.60531196606,12180.489706415252
