single_alpha,single_alpha_no_decay,no_decay,basic,error,same_CCC,diff_CCC
12636.990632271192,12644.939502127037,12644.939502127037,12636.582175614041,12636.575749035379,12624.002951355944,12625.069808487748
