single_alpha,single_alpha_no_decay,no_decay,basic,error,same_CCC,diff_CCC
11951.069474779872,11951.592970409893,11937.625405772591,11932.93984271642,11932.757228607863,11928.653446201739,11922.080045247476
