single_alpha,single_alpha_no_decay,no_decay,basic,error,same_CCC,diff_CCC
12439.313474088918,12544.464343456993,12533.676935395873,12436.243852436071,12434.221170181658,12435.401191395687,12433.286111498366
