single_alpha,single_alpha_no_decay,no_decay,basic,error,same_CCC,diff_CCC
12960.6797981703,12973.405398941952,12969.11779011003,12929.298549468367,12930.534594418983,12928.149294610237,12922.834923362943
