single_alpha,single_alpha_no_decay,no_decay,basic,error,same_CCC,diff_CCC
12960.6797981703,12973.405398941952,12969.122201956296,12929.19836908598,12930.630652591824,12927.912261133337,12924.661676368123
