single_alpha,single_alpha_no_decay,no_decay,basic,error,same_CCC,diff_CCC
11641.132625354016,11641.892149876232,11641.750960513951,11638.698660129985,11638.54958561038,11631.704992098139,11628.655614607931
