single_alpha,single_alpha_no_decay,no_decay,basic,error,same_CCC,diff_CCC
12069.218981414206,12099.861637082076,12099.279910406236,12069.248296318156,12068.926384549486,12063.583517961768,12061.992474885441
