single_alpha,single_alpha_no_decay,no_decay,basic,error,same_CCC,diff_CCC
11641.132625354016,11641.892149876232,11641.75108734534,11638.711262796087,11638.574370368724,11628.331351607707,11628.79475436254
