single_alpha,single_alpha_no_decay,no_decay,basic,error,same_CCC,diff_CCC
12841.504274767478,12870.555802809564,12866.055954667503,12838.277692900976,12837.956175588133,12830.864604255885,12826.044840225775
