single_alpha,single_alpha_no_decay,no_decay,basic,error,same_CCC,diff_CCC
10795.24534159231,10806.768350033946,10805.544962688671,10791.192359852043,10790.941850241252,10784.424413295346,10780.91456905395
