single_alpha,single_alpha_no_decay,no_decay,basic,error,same_CCC,diff_CCC
11019.771213604366,11033.133719098887,11023.98481872531,10997.96738403026,10999.082001873252,10993.53581450451,10997.150133915804
