single_alpha,single_alpha_no_decay,no_decay,basic,error,same_CCC,diff_CCC
10809.602458520772,10809.978476672084,10809.34571205244,10808.872109622569,10808.421192816788,10805.317442286989,10801.13044047127
