single_alpha,single_alpha_no_decay,no_decay,basic,error,same_CCC,diff_CCC
12712.59206380048,12723.242123681875,12712.176448815933,12674.504432969825,12671.959259000985,12664.277778234771,12664.810444690509
