single_alpha,single_alpha_no_decay,no_decay,basic,error,same_CCC,diff_CCC
10795.23947605827,10806.768350033946,10805.54496268867,10790.957896830729,10790.908143570508,10785.746050235863,10782.631342641725
