single_alpha,single_alpha_no_decay,no_decay,basic,error,same_CCC,diff_CCC
12712.59206380048,12723.242123681875,12712.17579086218,12674.549044398453,12671.047538696783,12667.66703611895,12667.376447172224
