single_alpha,single_alpha_no_decay,no_decay,basic,error,same_CCC,diff_CCC
12038.763577401529,12042.20402034317,12029.455183518567,11995.90777204307,11995.90947784891,11976.828617961717,11980.753111938167
