single_alpha,single_alpha_no_decay,no_decay,basic,error,same_CCC,diff_CCC
11855.94959854184,11875.032177523943,11869.402026988839,11855.458836330788,11855.573131413534,11849.95962891479,11849.632928671972
