single_alpha,single_alpha_no_decay,no_decay,basic,error,same_CCC,diff_CCC
11019.785467125881,11033.133719098887,11023.98280197632,10996.711345438991,10997.436041108711,10996.61812780004,10997.001669920253
