single_alpha,single_alpha_no_decay,no_decay,basic,error,same_CCC,diff_CCC
12494.035317217276,12506.532631165717,12501.016652963202,12462.707299225529,12464.524839972066,12463.500298732848,12461.481571679322
