single_alpha,single_alpha_no_decay,no_decay,basic,error,same_CCC,diff_CCC
12318.957162913804,12341.426614927175,12341.086761717364,12318.748297658662,12318.293712791667,12309.273636676266,12310.51674743018
