single_alpha,single_alpha_no_decay,no_decay,basic,error,same_CCC,diff_CCC
12038.763577401529,12042.20402034317,12029.455183518567,11995.900884101533,11995.907363400094,11979.315520503653,11979.636414884664
