single_alpha,single_alpha_no_decay,no_decay,basic,error,same_CCC,diff_CCC
11858.642159023653,11875.032177523943,11869.435999086143,11855.458836330788,11855.58942986321,11850.369457138306,11850.342292439316
