single_alpha,single_alpha_no_decay,no_decay,basic,error,same_CCC,diff_CCC
12313.858830293335,12327.092311320972,12321.701354434092,12302.780422900216,12300.650482877032,12288.819202607703,12292.953781290917
