single_alpha,single_alpha_no_decay,no_decay,basic,error,same_CCC,diff_CCC
11900.618527154382,11949.935105388946,11948.681877007652,11899.687802992661,11897.482268662783,11864.765949847531,11864.72741585943
