single_alpha,single_alpha_no_decay,no_decay,basic,error,same_CCC,diff_CCC
10747.902077366842,10792.883442601335,10787.66501850098,10747.372399153657,10742.268016366343,10738.602811731434,10739.534216228132
