single_alpha,single_alpha_no_decay,no_decay,basic,error,same_CCC,diff_CCC
11089.923171704277,11129.019187207197,11128.988074865774,11088.86058475635,11083.639700757274,11074.550201199203,11075.259441187676
