single_alpha,single_alpha_no_decay,no_decay,basic,error,same_CCC,diff_CCC
12044.23680312665,12054.387171243867,12047.411349005213,12021.732421280345,12021.608573122845,12016.959740294076,12015.771457801997
