single_alpha,single_alpha_no_decay,no_decay,basic,error,same_CCC,diff_CCC
12689.210251396786,12706.764296039108,12703.216548721182,12692.28718138078,12691.295213214295,12667.809553332565,12668.363953733931
