single_alpha,single_alpha_no_decay,no_decay,basic,error,same_CCC,diff_CCC
10700.835583694345,10706.5710296459,10702.867876494032,10691.60596311975,10692.02513748316,10688.58854546335,10682.786017737808
