single_alpha,single_alpha_no_decay,no_decay,basic,error,same_CCC,diff_CCC
11089.923171704277,11129.019187207197,11128.988074865774,11088.858123022437,11083.273783365797,11077.98581417312,11076.259449869394
