single_alpha,single_alpha_no_decay,no_decay,basic,error,same_CCC,diff_CCC
10700.87950548054,10706.5710296459,10702.868289964115,10691.654790897197,10692.093607401186,10689.95586153193,10681.503656055445
