single_alpha,single_alpha_no_decay,no_decay,basic,error,same_CCC,diff_CCC
12044.23680312665,12054.387171243867,12047.409891548155,12021.714602367048,12021.608063533895,12016.425835779834,12014.960448066833
