single_alpha,single_alpha_no_decay,no_decay,basic,error,same_CCC,diff_CCC
11901.234008619314,11949.935105388946,11948.781709490115,11899.695465401099,11898.39750476743,11866.176786772829,11865.578102945796
