single_alpha,single_alpha_no_decay,no_decay,basic,error,same_CCC,diff_CCC
10747.91348963068,10792.883442601335,10787.66501850098,10747.366782744797,10741.98647871952,10740.385307762137,10736.655464629403
