single_alpha,single_alpha_no_decay,no_decay,basic,error,same_CCC,diff_CCC
12245.349263866736,12247.309663313585,12247.222800268035,12245.104482343408,12244.417070660676,12234.931418006157,12236.91326175606
